sku_code,product_id,size,color_code,price,cost
NQ-TOP-001-XS-BLK,NQ-TOP-001,XS,BLK,39000,18720
NQ-TOP-001-XS-WHT,NQ-TOP-001,XS,WHT,39000,18720
NQ-TOP-001-XS-GRY,NQ-TOP-001,XS,GRY,39000,18720
NQ-TOP-001-XS-NVY,NQ-TOP-001,XS,NVY,39000,18720
NQ-TOP-001-XS-ORC,NQ-TOP-001,XS,ORC,39000,18720
NQ-TOP-001-XS-SKB,NQ-TOP-001,XS,SKB,39000,18720
NQ-TOP-001-XS-LYL,NQ-TOP-001,XS,LYL,39000,18720
NQ-TOP-001-S-BLK,NQ-TOP-001,S,BLK,39000,18720
NQ-TOP-001-S-WHT,NQ-TOP-001,S,WHT,39000,18720
NQ-TOP-001-S-GRY,NQ-TOP-001,S,GRY,39000,18720
NQ-TOP-001-S-NVY,NQ-TOP-001,S,NVY,39000,18720
NQ-TOP-001-S-ORC,NQ-TOP-001,S,ORC,39000,18720
NQ-TOP-001-S-SKB,NQ-TOP-001,S,SKB,39000,18720
NQ-TOP-001-S-LYL,NQ-TOP-001,S,LYL,39000,18720
NQ-TOP-001-M-BLK,NQ-TOP-001,M,BLK,39000,18720
NQ-TOP-001-M-WHT,NQ-TOP-001,M,WHT,39000,18720
NQ-TOP-001-M-GRY,NQ-TOP-001,M,GRY,39000,18720
NQ-TOP-001-M-NVY,NQ-TOP-001,M,NVY,39000,18720
NQ-TOP-001-M-ORC,NQ-TOP-001,M,ORC,39000,18720
NQ-TOP-001-M-SKB,NQ-TOP-001,M,SKB,39000,18720
NQ-TOP-001-M-LYL,NQ-TOP-001,M,LYL,39000,18720
NQ-TOP-001-L-BLK,NQ-TOP-001,L,BLK,39000,18720
NQ-TOP-001-L-WHT,NQ-TOP-001,L,WHT,39000,18720
NQ-TOP-001-L-GRY,NQ-TOP-001,L,GRY,39000,18720
NQ-TOP-001-L-NVY,NQ-TOP-001,L,NVY,39000,18720
NQ-TOP-001-L-ORC,NQ-TOP-001,L,ORC,39000,18720
NQ-TOP-001-L-SKB,NQ-TOP-001,L,SKB,39000,18720
NQ-TOP-001-L-LYL,NQ-TOP-001,L,LYL,39000,18720
NQ-TOP-001-XL-BLK,NQ-TOP-001,XL,BLK,39000,18720
NQ-TOP-001-XL-WHT,NQ-TOP-001,XL,WHT,39000,18720
NQ-TOP-001-XL-GRY,NQ-TOP-001,XL,GRY,39000,18720
NQ-TOP-001-XL-NVY,NQ-TOP-001,XL,NVY,39000,18720
NQ-TOP-001-XL-ORC,NQ-TOP-001,XL,ORC,39000,18720
NQ-TOP-001-XL-SKB,NQ-TOP-001,XL,SKB,39000,18720
NQ-TOP-001-XL-LYL,NQ-TOP-001,XL,LYL,39000,18720
NQ-TOP-001-2XL-BLK,NQ-TOP-001,2XL,BLK,39000,18720
NQ-TOP-001-2XL-WHT,NQ-TOP-001,2XL,WHT,39000,18720
NQ-TOP-001-2XL-GRY,NQ-TOP-001,2XL,GRY,39000,18720
NQ-TOP-001-2XL-NVY,NQ-TOP-001,2XL,NVY,39000,18720
NQ-TOP-001-2XL-ORC,NQ-TOP-001,2XL,ORC,39000,18720
NQ-TOP-001-2XL-SKB,NQ-TOP-001,2XL,SKB,39000,18720
NQ-TOP-001-2XL-LYL,NQ-TOP-001,2XL,LYL,39000,18720
NQ-TOP-001-3XL-BLK,NQ-TOP-001,3XL,BLK,39000,18720
NQ-TOP-001-3XL-WHT,NQ-TOP-001,3XL,WHT,39000,18720
NQ-TOP-001-3XL-GRY,NQ-TOP-001,3XL,GRY,39000,18720
NQ-TOP-001-3XL-NVY,NQ-TOP-001,3XL,NVY,39000,18720
NQ-TOP-001-3XL-ORC,NQ-TOP-001,3XL,ORC,39000,18720
NQ-TOP-001-3XL-SKB,NQ-TOP-001,3XL,SKB,39000,18720
NQ-TOP-001-3XL-LYL,NQ-TOP-001,3XL,LYL,39000,18720
NQ-TOP-001-4XL-BLK,NQ-TOP-001,4XL,BLK,39000,18720
NQ-TOP-001-4XL-WHT,NQ-TOP-001,4XL,WHT,39000,18720
NQ-TOP-001-4XL-GRY,NQ-TOP-001,4XL,GRY,39000,18720
NQ-TOP-001-4XL-NVY,NQ-TOP-001,4XL,NVY,39000,18720
NQ-TOP-001-4XL-ORC,NQ-TOP-001,4XL,ORC,39000,18720
NQ-TOP-001-4XL-SKB,NQ-TOP-001,4XL,SKB,39000,18720
NQ-TOP-001-4XL-LYL,NQ-TOP-001,4XL,LYL,39000,18720
NQ-TOP-002-XS-BLK,NQ-TOP-002,XS,BLK,39000,18720
NQ-TOP-002-XS-WHT,NQ-TOP-002,XS,WHT,39000,18720
NQ-TOP-002-XS-GRY,NQ-TOP-002,XS,GRY,39000,18720
NQ-TOP-002-XS-NVY,NQ-TOP-002,XS,NVY,39000,18720
NQ-TOP-002-S-BLK,NQ-TOP-002,S,BLK,39000,18720
NQ-TOP-002-S-WHT,NQ-TOP-002,S,WHT,39000,18720
NQ-TOP-002-S-GRY,NQ-TOP-002,S,GRY,39000,18720
NQ-TOP-002-S-NVY,NQ-TOP-002,S,NVY,39000,18720
NQ-TOP-002-M-BLK,NQ-TOP-002,M,BLK,39000,18720
NQ-TOP-002-M-WHT,NQ-TOP-002,M,WHT,39000,18720
NQ-TOP-002-M-GRY,NQ-TOP-002,M,GRY,39000,18720
NQ-TOP-002-M-NVY,NQ-TOP-002,M,NVY,39000,18720
NQ-TOP-002-L-BLK,NQ-TOP-002,L,BLK,39000,18720
NQ-TOP-002-L-WHT,NQ-TOP-002,L,WHT,39000,18720
NQ-TOP-002-L-GRY,NQ-TOP-002,L,GRY,39000,18720
NQ-TOP-002-L-NVY,NQ-TOP-002,L,NVY,39000,18720
NQ-TOP-002-XL-BLK,NQ-TOP-002,XL,BLK,39000,18720
NQ-TOP-002-XL-WHT,NQ-TOP-002,XL,WHT,39000,18720
NQ-TOP-002-XL-GRY,NQ-TOP-002,XL,GRY,39000,18720
NQ-TOP-002-XL-NVY,NQ-TOP-002,XL,NVY,39000,18720
NQ-TOP-002-2XL-BLK,NQ-TOP-002,2XL,BLK,39000,18720
NQ-TOP-002-2XL-WHT,NQ-TOP-002,2XL,WHT,39000,18720
NQ-TOP-002-2XL-GRY,NQ-TOP-002,2XL,GRY,39000,18720
NQ-TOP-002-2XL-NVY,NQ-TOP-002,2XL,NVY,39000,18720
NQ-TOP-002-3XL-BLK,NQ-TOP-002,3XL,BLK,39000,18720
NQ-TOP-002-3XL-WHT,NQ-TOP-002,3XL,WHT,39000,18720
NQ-TOP-002-3XL-GRY,NQ-TOP-002,3XL,GRY,39000,18720
NQ-TOP-002-3XL-NVY,NQ-TOP-002,3XL,NVY,39000,18720
NQ-TOP-002-4XL-BLK,NQ-TOP-002,4XL,BLK,39000,18720
NQ-TOP-002-4XL-WHT,NQ-TOP-002,4XL,WHT,39000,18720
NQ-TOP-002-4XL-GRY,NQ-TOP-002,4XL,GRY,39000,18720
NQ-TOP-002-4XL-NVY,NQ-TOP-002,4XL,NVY,39000,18720
NQ-TOP-003-XS-BLK,NQ-TOP-003,XS,BLK,39000,18720
NQ-TOP-003-XS-WHT,NQ-TOP-003,XS,WHT,39000,18720
NQ-TOP-003-XS-GRY,NQ-TOP-003,XS,GRY,39000,18720
NQ-TOP-003-XS-NVY,NQ-TOP-003,XS,NVY,39000,18720
NQ-TOP-003-S-BLK,NQ-TOP-003,S,BLK,39000,18720
NQ-TOP-003-S-WHT,NQ-TOP-003,S,WHT,39000,18720
NQ-TOP-003-S-GRY,NQ-TOP-003,S,GRY,39000,18720
NQ-TOP-003-S-NVY,NQ-TOP-003,S,NVY,39000,18720
NQ-TOP-003-M-BLK,NQ-TOP-003,M,BLK,39000,18720
NQ-TOP-003-M-WHT,NQ-TOP-003,M,WHT,39000,18720
NQ-TOP-003-M-GRY,NQ-TOP-003,M,GRY,39000,18720
NQ-TOP-003-M-NVY,NQ-TOP-003,M,NVY,39000,18720
NQ-TOP-003-L-BLK,NQ-TOP-003,L,BLK,39000,18720
NQ-TOP-003-L-WHT,NQ-TOP-003,L,WHT,39000,18720
NQ-TOP-003-L-GRY,NQ-TOP-003,L,GRY,39000,18720
NQ-TOP-003-L-NVY,NQ-TOP-003,L,NVY,39000,18720
NQ-TOP-003-XL-BLK,NQ-TOP-003,XL,BLK,39000,18720
NQ-TOP-003-XL-WHT,NQ-TOP-003,XL,WHT,39000,18720
NQ-TOP-003-XL-GRY,NQ-TOP-003,XL,GRY,39000,18720
NQ-TOP-003-XL-NVY,NQ-TOP-003,XL,NVY,39000,18720
NQ-TOP-003-2XL-BLK,NQ-TOP-003,2XL,BLK,39000,18720
NQ-TOP-003-2XL-WHT,NQ-TOP-003,2XL,WHT,39000,18720
NQ-TOP-003-2XL-GRY,NQ-TOP-003,2XL,GRY,39000,18720
NQ-TOP-003-2XL-NVY,NQ-TOP-003,2XL,NVY,39000,18720
NQ-TOP-003-3XL-BLK,NQ-TOP-003,3XL,BLK,39000,18720
NQ-TOP-003-3XL-WHT,NQ-TOP-003,3XL,WHT,39000,18720
NQ-TOP-003-3XL-GRY,NQ-TOP-003,3XL,GRY,39000,18720
NQ-TOP-003-3XL-NVY,NQ-TOP-003,3XL,NVY,39000,18720
NQ-TOP-003-4XL-BLK,NQ-TOP-003,4XL,BLK,39000,18720
NQ-TOP-003-4XL-WHT,NQ-TOP-003,4XL,WHT,39000,18720
NQ-TOP-003-4XL-GRY,NQ-TOP-003,4XL,GRY,39000,18720
NQ-TOP-003-4XL-NVY,NQ-TOP-003,4XL,NVY,39000,18720
NQ-TOP-004-XS-BLK,NQ-TOP-004,XS,BLK,39000,18720
NQ-TOP-004-XS-WHT,NQ-TOP-004,XS,WHT,39000,18720
NQ-TOP-004-XS-GRY,NQ-TOP-004,XS,GRY,39000,18720
NQ-TOP-004-XS-NVY,NQ-TOP-004,XS,NVY,39000,18720
NQ-TOP-004-S-BLK,NQ-TOP-004,S,BLK,39000,18720
NQ-TOP-004-S-WHT,NQ-TOP-004,S,WHT,39000,18720
NQ-TOP-004-S-GRY,NQ-TOP-004,S,GRY,39000,18720
NQ-TOP-004-S-NVY,NQ-TOP-004,S,NVY,39000,18720
NQ-TOP-004-M-BLK,NQ-TOP-004,M,BLK,39000,18720
NQ-TOP-004-M-WHT,NQ-TOP-004,M,WHT,39000,18720
NQ-TOP-004-M-GRY,NQ-TOP-004,M,GRY,39000,18720
NQ-TOP-004-M-NVY,NQ-TOP-004,M,NVY,39000,18720
NQ-TOP-004-L-BLK,NQ-TOP-004,L,BLK,39000,18720
NQ-TOP-004-L-WHT,NQ-TOP-004,L,WHT,39000,18720
NQ-TOP-004-L-GRY,NQ-TOP-004,L,GRY,39000,18720
NQ-TOP-004-L-NVY,NQ-TOP-004,L,NVY,39000,18720
NQ-TOP-004-XL-BLK,NQ-TOP-004,XL,BLK,39000,18720
NQ-TOP-004-XL-WHT,NQ-TOP-004,XL,WHT,39000,18720
NQ-TOP-004-XL-GRY,NQ-TOP-004,XL,GRY,39000,18720
NQ-TOP-004-XL-NVY,NQ-TOP-004,XL,NVY,39000,18720
NQ-TOP-004-2XL-BLK,NQ-TOP-004,2XL,BLK,39000,18720
NQ-TOP-004-2XL-WHT,NQ-TOP-004,2XL,WHT,39000,18720
NQ-TOP-004-2XL-GRY,NQ-TOP-004,2XL,GRY,39000,18720
NQ-TOP-004-2XL-NVY,NQ-TOP-004,2XL,NVY,39000,18720
NQ-TOP-004-3XL-BLK,NQ-TOP-004,3XL,BLK,39000,18720
NQ-TOP-004-3XL-WHT,NQ-TOP-004,3XL,WHT,39000,18720
NQ-TOP-004-3XL-GRY,NQ-TOP-004,3XL,GRY,39000,18720
NQ-TOP-004-3XL-NVY,NQ-TOP-004,3XL,NVY,39000,18720
NQ-TOP-004-4XL-BLK,NQ-TOP-004,4XL,BLK,39000,18720
NQ-TOP-004-4XL-WHT,NQ-TOP-004,4XL,WHT,39000,18720
NQ-TOP-004-4XL-GRY,NQ-TOP-004,4XL,GRY,39000,18720
NQ-TOP-004-4XL-NVY,NQ-TOP-004,4XL,NVY,39000,18720
NQ-TOP-005-XS-BLK,NQ-TOP-005,XS,BLK,39000,18720
NQ-TOP-005-XS-WHT,NQ-TOP-005,XS,WHT,39000,18720
NQ-TOP-005-XS-GRY,NQ-TOP-005,XS,GRY,39000,18720
NQ-TOP-005-XS-NVY,NQ-TOP-005,XS,NVY,39000,18720
NQ-TOP-005-S-BLK,NQ-TOP-005,S,BLK,39000,18720
NQ-TOP-005-S-WHT,NQ-TOP-005,S,WHT,39000,18720
NQ-TOP-005-S-GRY,NQ-TOP-005,S,GRY,39000,18720
NQ-TOP-005-S-NVY,NQ-TOP-005,S,NVY,39000,18720
NQ-TOP-005-M-BLK,NQ-TOP-005,M,BLK,39000,18720
NQ-TOP-005-M-WHT,NQ-TOP-005,M,WHT,39000,18720
NQ-TOP-005-M-GRY,NQ-TOP-005,M,GRY,39000,18720
NQ-TOP-005-M-NVY,NQ-TOP-005,M,NVY,39000,18720
NQ-TOP-005-L-BLK,NQ-TOP-005,L,BLK,39000,18720
NQ-TOP-005-L-WHT,NQ-TOP-005,L,WHT,39000,18720
NQ-TOP-005-L-GRY,NQ-TOP-005,L,GRY,39000,18720
NQ-TOP-005-L-NVY,NQ-TOP-005,L,NVY,39000,18720
NQ-TOP-005-XL-BLK,NQ-TOP-005,XL,BLK,39000,18720
NQ-TOP-005-XL-WHT,NQ-TOP-005,XL,WHT,39000,18720
NQ-TOP-005-XL-GRY,NQ-TOP-005,XL,GRY,39000,18720
NQ-TOP-005-XL-NVY,NQ-TOP-005,XL,NVY,39000,18720
NQ-TOP-005-2XL-BLK,NQ-TOP-005,2XL,BLK,39000,18720
NQ-TOP-005-2XL-WHT,NQ-TOP-005,2XL,WHT,39000,18720
NQ-TOP-005-2XL-GRY,NQ-TOP-005,2XL,GRY,39000,18720
NQ-TOP-005-2XL-NVY,NQ-TOP-005,2XL,NVY,39000,18720
NQ-TOP-005-3XL-BLK,NQ-TOP-005,3XL,BLK,39000,18720
NQ-TOP-005-3XL-WHT,NQ-TOP-005,3XL,WHT,39000,18720
NQ-TOP-005-3XL-GRY,NQ-TOP-005,3XL,GRY,39000,18720
NQ-TOP-005-3XL-NVY,NQ-TOP-005,3XL,NVY,39000,18720
NQ-TOP-005-4XL-BLK,NQ-TOP-005,4XL,BLK,39000,18720
NQ-TOP-005-4XL-WHT,NQ-TOP-005,4XL,WHT,39000,18720
NQ-TOP-005-4XL-GRY,NQ-TOP-005,4XL,GRY,39000,18720
NQ-TOP-005-4XL-NVY,NQ-TOP-005,4XL,NVY,39000,18720
NQ-PNT-001-XS-BLK,NQ-PNT-001,XS,BLK,49000,23520
NQ-PNT-001-XS-GRY,NQ-PNT-001,XS,GRY,49000,23520
NQ-PNT-001-XS-BEG,NQ-PNT-001,XS,BEG,49000,23520
NQ-PNT-001-XS-KHK,NQ-PNT-001,XS,KHK,49000,23520
NQ-PNT-001-XS-NVY,NQ-PNT-001,XS,NVY,49000,23520
NQ-PNT-001-S-BLK,NQ-PNT-001,S,BLK,49000,23520
NQ-PNT-001-S-GRY,NQ-PNT-001,S,GRY,49000,23520
NQ-PNT-001-S-BEG,NQ-PNT-001,S,BEG,49000,23520
NQ-PNT-001-S-KHK,NQ-PNT-001,S,KHK,49000,23520
NQ-PNT-001-S-NVY,NQ-PNT-001,S,NVY,49000,23520
NQ-PNT-001-M-BLK,NQ-PNT-001,M,BLK,49000,23520
NQ-PNT-001-M-GRY,NQ-PNT-001,M,GRY,49000,23520
NQ-PNT-001-M-BEG,NQ-PNT-001,M,BEG,49000,23520
NQ-PNT-001-M-KHK,NQ-PNT-001,M,KHK,49000,23520
NQ-PNT-001-M-NVY,NQ-PNT-001,M,NVY,49000,23520
NQ-PNT-001-L-BLK,NQ-PNT-001,L,BLK,49000,23520
NQ-PNT-001-L-GRY,NQ-PNT-001,L,GRY,49000,23520
NQ-PNT-001-L-BEG,NQ-PNT-001,L,BEG,49000,23520
NQ-PNT-001-L-KHK,NQ-PNT-001,L,KHK,49000,23520
NQ-PNT-001-L-NVY,NQ-PNT-001,L,NVY,49000,23520
NQ-PNT-001-XL-BLK,NQ-PNT-001,XL,BLK,49000,23520
NQ-PNT-001-XL-GRY,NQ-PNT-001,XL,GRY,49000,23520
NQ-PNT-001-XL-BEG,NQ-PNT-001,XL,BEG,49000,23520
NQ-PNT-001-XL-KHK,NQ-PNT-001,XL,KHK,49000,23520
NQ-PNT-001-XL-NVY,NQ-PNT-001,XL,NVY,49000,23520
NQ-PNT-001-2XL-BLK,NQ-PNT-001,2XL,BLK,49000,23520
NQ-PNT-001-2XL-GRY,NQ-PNT-001,2XL,GRY,49000,23520
NQ-PNT-001-2XL-BEG,NQ-PNT-001,2XL,BEG,49000,23520
NQ-PNT-001-2XL-KHK,NQ-PNT-001,2XL,KHK,49000,23520
NQ-PNT-001-2XL-NVY,NQ-PNT-001,2XL,NVY,49000,23520
NQ-PNT-001-3XL-BLK,NQ-PNT-001,3XL,BLK,49000,23520
NQ-PNT-001-3XL-GRY,NQ-PNT-001,3XL,GRY,49000,23520
NQ-PNT-001-3XL-BEG,NQ-PNT-001,3XL,BEG,49000,23520
NQ-PNT-001-3XL-KHK,NQ-PNT-001,3XL,KHK,49000,23520
NQ-PNT-001-3XL-NVY,NQ-PNT-001,3XL,NVY,49000,23520
NQ-PNT-001-4XL-BLK,NQ-PNT-001,4XL,BLK,49000,23520
NQ-PNT-001-4XL-GRY,NQ-PNT-001,4XL,GRY,49000,23520
NQ-PNT-001-4XL-BEG,NQ-PNT-001,4XL,BEG,49000,23520
NQ-PNT-001-4XL-KHK,NQ-PNT-001,4XL,KHK,49000,23520
NQ-PNT-001-4XL-NVY,NQ-PNT-001,4XL,NVY,49000,23520
NQ-PNT-002-XS-BLK,NQ-PNT-002,XS,BLK,49000,23520
NQ-PNT-002-XS-GRY,NQ-PNT-002,XS,GRY,49000,23520
NQ-PNT-002-XS-BEG,NQ-PNT-002,XS,BEG,49000,23520
NQ-PNT-002-S-BLK,NQ-PNT-002,S,BLK,49000,23520
NQ-PNT-002-S-GRY,NQ-PNT-002,S,GRY,49000,23520
NQ-PNT-002-S-BEG,NQ-PNT-002,S,BEG,49000,23520
NQ-PNT-002-M-BLK,NQ-PNT-002,M,BLK,49000,23520
NQ-PNT-002-M-GRY,NQ-PNT-002,M,GRY,49000,23520
NQ-PNT-002-M-BEG,NQ-PNT-002,M,BEG,49000,23520
NQ-PNT-002-L-BLK,NQ-PNT-002,L,BLK,49000,23520
NQ-PNT-002-L-GRY,NQ-PNT-002,L,GRY,49000,23520
NQ-PNT-002-L-BEG,NQ-PNT-002,L,BEG,49000,23520
NQ-PNT-002-XL-BLK,NQ-PNT-002,XL,BLK,49000,23520
NQ-PNT-002-XL-GRY,NQ-PNT-002,XL,GRY,49000,23520
NQ-PNT-002-XL-BEG,NQ-PNT-002,XL,BEG,49000,23520
NQ-PNT-002-2XL-BLK,NQ-PNT-002,2XL,BLK,49000,23520
NQ-PNT-002-2XL-GRY,NQ-PNT-002,2XL,GRY,49000,23520
NQ-PNT-002-2XL-BEG,NQ-PNT-002,2XL,BEG,49000,23520
NQ-PNT-002-3XL-BLK,NQ-PNT-002,3XL,BLK,49000,23520
NQ-PNT-002-3XL-GRY,NQ-PNT-002,3XL,GRY,49000,23520
NQ-PNT-002-3XL-BEG,NQ-PNT-002,3XL,BEG,49000,23520
NQ-PNT-002-4XL-BLK,NQ-PNT-002,4XL,BLK,49000,23520
NQ-PNT-002-4XL-GRY,NQ-PNT-002,4XL,GRY,49000,23520
NQ-PNT-002-4XL-BEG,NQ-PNT-002,4XL,BEG,49000,23520
NQ-PNT-003-XS-BLK,NQ-PNT-003,XS,BLK,49000,23520
NQ-PNT-003-XS-GRY,NQ-PNT-003,XS,GRY,49000,23520
NQ-PNT-003-XS-BEG,NQ-PNT-003,XS,BEG,49000,23520
NQ-PNT-003-S-BLK,NQ-PNT-003,S,BLK,49000,23520
NQ-PNT-003-S-GRY,NQ-PNT-003,S,GRY,49000,23520
NQ-PNT-003-S-BEG,NQ-PNT-003,S,BEG,49000,23520
NQ-PNT-003-M-BLK,NQ-PNT-003,M,BLK,49000,23520
NQ-PNT-003-M-GRY,NQ-PNT-003,M,GRY,49000,23520
NQ-PNT-003-M-BEG,NQ-PNT-003,M,BEG,49000,23520
NQ-PNT-003-L-BLK,NQ-PNT-003,L,BLK,49000,23520
NQ-PNT-003-L-GRY,NQ-PNT-003,L,GRY,49000,23520
NQ-PNT-003-L-BEG,NQ-PNT-003,L,BEG,49000,23520
NQ-PNT-003-XL-BLK,NQ-PNT-003,XL,BLK,49000,23520
NQ-PNT-003-XL-GRY,NQ-PNT-003,XL,GRY,49000,23520
NQ-PNT-003-XL-BEG,NQ-PNT-003,XL,BEG,49000,23520
NQ-PNT-003-2XL-BLK,NQ-PNT-003,2XL,BLK,49000,23520
NQ-PNT-003-2XL-GRY,NQ-PNT-003,2XL,GRY,49000,23520
NQ-PNT-003-2XL-BEG,NQ-PNT-003,2XL,BEG,49000,23520
NQ-PNT-003-3XL-BLK,NQ-PNT-003,3XL,BLK,49000,23520
NQ-PNT-003-3XL-GRY,NQ-PNT-003,3XL,GRY,49000,23520
NQ-PNT-003-3XL-BEG,NQ-PNT-003,3XL,BEG,49000,23520
NQ-PNT-003-4XL-BLK,NQ-PNT-003,4XL,BLK,49000,23520
NQ-PNT-003-4XL-GRY,NQ-PNT-003,4XL,GRY,49000,23520
NQ-PNT-003-4XL-BEG,NQ-PNT-003,4XL,BEG,49000,23520
NQ-PNT-004-XS-BLK,NQ-PNT-004,XS,BLK,49000,23520
NQ-PNT-004-XS-GRY,NQ-PNT-004,XS,GRY,49000,23520
NQ-PNT-004-XS-BEG,NQ-PNT-004,XS,BEG,49000,23520
NQ-PNT-004-S-BLK,NQ-PNT-004,S,BLK,49000,23520
NQ-PNT-004-S-GRY,NQ-PNT-004,S,GRY,49000,23520
NQ-PNT-004-S-BEG,NQ-PNT-004,S,BEG,49000,23520
NQ-PNT-004-M-BLK,NQ-PNT-004,M,BLK,49000,23520
NQ-PNT-004-M-GRY,NQ-PNT-004,M,GRY,49000,23520
NQ-PNT-004-M-BEG,NQ-PNT-004,M,BEG,49000,23520
NQ-PNT-004-L-BLK,NQ-PNT-004,L,BLK,49000,23520
NQ-PNT-004-L-GRY,NQ-PNT-004,L,GRY,49000,23520
NQ-PNT-004-L-BEG,NQ-PNT-004,L,BEG,49000,23520
NQ-PNT-004-XL-BLK,NQ-PNT-004,XL,BLK,49000,23520
NQ-PNT-004-XL-GRY,NQ-PNT-004,XL,GRY,49000,23520
NQ-PNT-004-XL-BEG,NQ-PNT-004,XL,BEG,49000,23520
NQ-PNT-004-2XL-BLK,NQ-PNT-004,2XL,BLK,49000,23520
NQ-PNT-004-2XL-GRY,NQ-PNT-004,2XL,GRY,49000,23520
NQ-PNT-004-2XL-BEG,NQ-PNT-004,2XL,BEG,49000,23520
NQ-PNT-004-3XL-BLK,NQ-PNT-004,3XL,BLK,49000,23520
NQ-PNT-004-3XL-GRY,NQ-PNT-004,3XL,GRY,49000,23520
NQ-PNT-004-3XL-BEG,NQ-PNT-004,3XL,BEG,49000,23520
NQ-PNT-004-4XL-BLK,NQ-PNT-004,4XL,BLK,49000,23520
NQ-PNT-004-4XL-GRY,NQ-PNT-004,4XL,GRY,49000,23520
NQ-PNT-004-4XL-BEG,NQ-PNT-004,4XL,BEG,49000,23520
NQ-CLR-WRM-001-S-CRM,NQ-CLR-WRM-001,S,CRM,35000,16800
NQ-CLR-WRM-001-S-ASH,NQ-CLR-WRM-001,S,ASH,35000,16800
NQ-CLR-WRM-001-S-IVR,NQ-CLR-WRM-001,S,IVR,35000,16800
NQ-CLR-WRM-001-M-CRM,NQ-CLR-WRM-001,M,CRM,35000,16800
NQ-CLR-WRM-001-M-ASH,NQ-CLR-WRM-001,M,ASH,35000,16800
NQ-CLR-WRM-001-M-IVR,NQ-CLR-WRM-001,M,IVR,35000,16800
NQ-CLR-WRM-001-L-CRM,NQ-CLR-WRM-001,L,CRM,35000,16800
NQ-CLR-WRM-001-L-ASH,NQ-CLR-WRM-001,L,ASH,35000,16800
NQ-CLR-WRM-001-L-IVR,NQ-CLR-WRM-001,L,IVR,35000,16800
NQ-CLR-COOL-002-S-CRM,NQ-CLR-COOL-002,S,CRM,35000,16800
NQ-CLR-COOL-002-S-ASH,NQ-CLR-COOL-002,S,ASH,35000,16800
NQ-CLR-COOL-002-S-IVR,NQ-CLR-COOL-002,S,IVR,35000,16800
NQ-CLR-COOL-002-M-CRM,NQ-CLR-COOL-002,M,CRM,35000,16800
NQ-CLR-COOL-002-M-ASH,NQ-CLR-COOL-002,M,ASH,35000,16800
NQ-CLR-COOL-002-M-IVR,NQ-CLR-COOL-002,M,IVR,35000,16800
NQ-CLR-COOL-002-L-CRM,NQ-CLR-COOL-002,L,CRM,35000,16800
NQ-CLR-COOL-002-L-ASH,NQ-CLR-COOL-002,L,ASH,35000,16800
NQ-CLR-COOL-002-L-IVR,NQ-CLR-COOL-002,L,IVR,35000,16800
NQ-CLR-MUT-003-S-CRM,NQ-CLR-MUT-003,S,CRM,35000,16800
NQ-CLR-MUT-003-S-ASH,NQ-CLR-MUT-003,S,ASH,35000,16800
NQ-CLR-MUT-003-S-IVR,NQ-CLR-MUT-003,S,IVR,35000,16800
NQ-CLR-MUT-003-M-CRM,NQ-CLR-MUT-003,M,CRM,35000,16800
NQ-CLR-MUT-003-M-ASH,NQ-CLR-MUT-003,M,ASH,35000,16800
NQ-CLR-MUT-003-M-IVR,NQ-CLR-MUT-003,M,IVR,35000,16800
NQ-CLR-MUT-003-L-CRM,NQ-CLR-MUT-003,L,CRM,35000,16800
NQ-CLR-MUT-003-L-ASH,NQ-CLR-MUT-003,L,ASH,35000,16800
NQ-CLR-MUT-003-L-IVR,NQ-CLR-MUT-003,L,IVR,35000,16800
NQ-CLR-WRM-004-S-CRM,NQ-CLR-WRM-004,S,CRM,35000,16800
NQ-CLR-WRM-004-S-ASH,NQ-CLR-WRM-004,S,ASH,35000,16800
NQ-CLR-WRM-004-S-IVR,NQ-CLR-WRM-004,S,IVR,35000,16800
NQ-CLR-WRM-004-M-CRM,NQ-CLR-WRM-004,M,CRM,35000,16800
NQ-CLR-WRM-004-M-ASH,NQ-CLR-WRM-004,M,ASH,35000,16800
NQ-CLR-WRM-004-M-IVR,NQ-CLR-WRM-004,M,IVR,35000,16800
NQ-CLR-WRM-004-L-CRM,NQ-CLR-WRM-004,L,CRM,35000,16800
NQ-CLR-WRM-004-L-ASH,NQ-CLR-WRM-004,L,ASH,35000,16800
NQ-CLR-WRM-004-L-IVR,NQ-CLR-WRM-004,L,IVR,35000,16800
NQ-CLR-COOL-005-S-CRM,NQ-CLR-COOL-005,S,CRM,35000,16800
NQ-CLR-COOL-005-S-ASH,NQ-CLR-COOL-005,S,ASH,35000,16800
NQ-CLR-COOL-005-S-IVR,NQ-CLR-COOL-005,S,IVR,35000,16800
NQ-CLR-COOL-005-M-CRM,NQ-CLR-COOL-005,M,CRM,35000,16800
NQ-CLR-COOL-005-M-ASH,NQ-CLR-COOL-005,M,ASH,35000,16800
NQ-CLR-COOL-005-M-IVR,NQ-CLR-COOL-005,M,IVR,35000,16800
NQ-CLR-COOL-005-L-CRM,NQ-CLR-COOL-005,L,CRM,35000,16800
NQ-CLR-COOL-005-L-ASH,NQ-CLR-COOL-005,L,ASH,35000,16800
NQ-CLR-COOL-005-L-IVR,NQ-CLR-COOL-005,L,IVR,35000,16800
NQ-CLR-MUT-006-S-CRM,NQ-CLR-MUT-006,S,CRM,35000,16800
NQ-CLR-MUT-006-S-ASH,NQ-CLR-MUT-006,S,ASH,35000,16800
NQ-CLR-MUT-006-S-IVR,NQ-CLR-MUT-006,S,IVR,35000,16800
NQ-CLR-MUT-006-M-CRM,NQ-CLR-MUT-006,M,CRM,35000,16800
NQ-CLR-MUT-006-M-ASH,NQ-CLR-MUT-006,M,ASH,35000,16800
NQ-CLR-MUT-006-M-IVR,NQ-CLR-MUT-006,M,IVR,35000,16800
NQ-CLR-MUT-006-L-CRM,NQ-CLR-MUT-006,L,CRM,35000,16800
NQ-CLR-MUT-006-L-ASH,NQ-CLR-MUT-006,L,ASH,35000,16800
NQ-CLR-MUT-006-L-IVR,NQ-CLR-MUT-006,L,IVR,35000,16800
NQ-OUT-001-S-BLK,NQ-OUT-001,S,BLK,89000,42720
NQ-OUT-001-S-BEG,NQ-OUT-001,S,BEG,89000,42720
NQ-OUT-001-S-GRY,NQ-OUT-001,S,GRY,89000,42720
NQ-OUT-001-S-NVY,NQ-OUT-001,S,NVY,89000,42720
NQ-OUT-001-M-BLK,NQ-OUT-001,M,BLK,89000,42720
NQ-OUT-001-M-BEG,NQ-OUT-001,M,BEG,89000,42720
NQ-OUT-001-M-GRY,NQ-OUT-001,M,GRY,89000,42720
NQ-OUT-001-M-NVY,NQ-OUT-001,M,NVY,89000,42720
NQ-OUT-001-L-BLK,NQ-OUT-001,L,BLK,89000,42720
NQ-OUT-001-L-BEG,NQ-OUT-001,L,BEG,89000,42720
NQ-OUT-001-L-GRY,NQ-OUT-001,L,GRY,89000,42720
NQ-OUT-001-L-NVY,NQ-OUT-001,L,NVY,89000,42720
NQ-OUT-002-S-BLK,NQ-OUT-002,S,BLK,89000,42720
NQ-OUT-002-S-BEG,NQ-OUT-002,S,BEG,89000,42720
NQ-OUT-002-S-GRY,NQ-OUT-002,S,GRY,89000,42720
NQ-OUT-002-S-NVY,NQ-OUT-002,S,NVY,89000,42720
NQ-OUT-002-M-BLK,NQ-OUT-002,M,BLK,89000,42720
NQ-OUT-002-M-BEG,NQ-OUT-002,M,BEG,89000,42720
NQ-OUT-002-M-GRY,NQ-OUT-002,M,GRY,89000,42720
NQ-OUT-002-M-NVY,NQ-OUT-002,M,NVY,89000,42720
NQ-OUT-002-L-BLK,NQ-OUT-002,L,BLK,89000,42720
NQ-OUT-002-L-BEG,NQ-OUT-002,L,BEG,89000,42720
NQ-OUT-002-L-GRY,NQ-OUT-002,L,GRY,89000,42720
NQ-OUT-002-L-NVY,NQ-OUT-002,L,NVY,89000,42720
NQ-OUT-003-S-BLK,NQ-OUT-003,S,BLK,89000,42720
NQ-OUT-003-S-BEG,NQ-OUT-003,S,BEG,89000,42720
NQ-OUT-003-S-GRY,NQ-OUT-003,S,GRY,89000,42720
NQ-OUT-003-S-NVY,NQ-OUT-003,S,NVY,89000,42720
NQ-OUT-003-M-BLK,NQ-OUT-003,M,BLK,89000,42720
NQ-OUT-003-M-BEG,NQ-OUT-003,M,BEG,89000,42720
NQ-OUT-003-M-GRY,NQ-OUT-003,M,GRY,89000,42720
NQ-OUT-003-M-NVY,NQ-OUT-003,M,NVY,89000,42720
NQ-OUT-003-L-BLK,NQ-OUT-003,L,BLK,89000,42720
NQ-OUT-003-L-BEG,NQ-OUT-003,L,BEG,89000,42720
NQ-OUT-003-L-GRY,NQ-OUT-003,L,GRY,89000,42720
NQ-OUT-003-L-NVY,NQ-OUT-003,L,NVY,89000,42720
NQ-ACC-BAG-001-FREE-BLK,NQ-ACC-BAG-001,FREE,BLK,19000,9120
NQ-ACC-BAG-001-FREE-BEG,NQ-ACC-BAG-001,FREE,BEG,19000,9120
NQ-ACC-BAG-001-FREE-WHT,NQ-ACC-BAG-001,FREE,WHT,19000,9120
NQ-ACC-BAG-001-FREE-BRN,NQ-ACC-BAG-001,FREE,BRN,19000,9120
NQ-ACC-BLT-002-FREE-BLK,NQ-ACC-BLT-002,FREE,BLK,19000,9120
NQ-ACC-BLT-002-FREE-BEG,NQ-ACC-BLT-002,FREE,BEG,19000,9120
NQ-ACC-BLT-002-FREE-WHT,NQ-ACC-BLT-002,FREE,WHT,19000,9120
NQ-ACC-BLT-002-FREE-BRN,NQ-ACC-BLT-002,FREE,BRN,19000,9120
NQ-ACC-SCF-003-FREE-BLK,NQ-ACC-SCF-003,FREE,BLK,19000,9120
NQ-ACC-SCF-003-FREE-BEG,NQ-ACC-SCF-003,FREE,BEG,19000,9120
NQ-ACC-SCF-003-FREE-WHT,NQ-ACC-SCF-003,FREE,WHT,19000,9120
NQ-ACC-SCF-003-FREE-BRN,NQ-ACC-SCF-003,FREE,BRN,19000,9120
NQ-ACC-CAP-004-FREE-BLK,NQ-ACC-CAP-004,FREE,BLK,19000,9120
NQ-ACC-CAP-004-FREE-BEG,NQ-ACC-CAP-004,FREE,BEG,19000,9120
NQ-ACC-CAP-004-FREE-WHT,NQ-ACC-CAP-004,FREE,WHT,19000,9120
NQ-ACC-CAP-004-FREE-BRN,NQ-ACC-CAP-004,FREE,BRN,19000,9120
NQ-ACC-PCH-005-FREE-BLK,NQ-ACC-PCH-005,FREE,BLK,19000,9120
NQ-ACC-PCH-005-FREE-BEG,NQ-ACC-PCH-005,FREE,BEG,19000,9120
NQ-ACC-PCH-005-FREE-WHT,NQ-ACC-PCH-005,FREE,WHT,19000,9120
NQ-ACC-PCH-005-FREE-BRN,NQ-ACC-PCH-005,FREE,BRN,19000,9120
NQ-DRS-001-S-BLK,NQ-DRS-001,S,BLK,59000,28320
NQ-DRS-001-S-IVR,NQ-DRS-001,S,IVR,59000,28320
NQ-DRS-001-M-BLK,NQ-DRS-001,M,BLK,59000,28320
NQ-DRS-001-M-IVR,NQ-DRS-001,M,IVR,59000,28320
NQ-DRS-001-L-BLK,NQ-DRS-001,L,BLK,59000,28320
NQ-DRS-001-L-IVR,NQ-DRS-001,L,IVR,59000,28320
NQ-DRS-002-S-BLK,NQ-DRS-002,S,BLK,59000,28320
NQ-DRS-002-S-IVR,NQ-DRS-002,S,IVR,59000,28320
NQ-DRS-002-M-BLK,NQ-DRS-002,M,BLK,59000,28320
NQ-DRS-002-M-IVR,NQ-DRS-002,M,IVR,59000,28320
NQ-DRS-002-L-BLK,NQ-DRS-002,L,BLK,59000,28320
NQ-DRS-002-L-IVR,NQ-DRS-002,L,IVR,59000,28320
TRD-CLR-01-WRM-001-S-CRM,TRD-CLR-01-WRM-001,S,CRM,45000,21600
TRD-CLR-01-WRM-001-S-ASH,TRD-CLR-01-WRM-001,S,ASH,45000,21600
TRD-CLR-01-WRM-001-M-CRM,TRD-CLR-01-WRM-001,M,CRM,45000,21600
TRD-CLR-01-WRM-001-M-ASH,TRD-CLR-01-WRM-001,M,ASH,45000,21600
TRD-CLR-01-WRM-001-L-CRM,TRD-CLR-01-WRM-001,L,CRM,45000,21600
TRD-CLR-01-WRM-001-L-ASH,TRD-CLR-01-WRM-001,L,ASH,45000,21600
TRD-CLR-01-COOL-002-S-CRM,TRD-CLR-01-COOL-002,S,CRM,45000,21600
TRD-CLR-01-COOL-002-S-ASH,TRD-CLR-01-COOL-002,S,ASH,45000,21600
TRD-CLR-01-COOL-002-M-CRM,TRD-CLR-01-COOL-002,M,CRM,45000,21600
TRD-CLR-01-COOL-002-M-ASH,TRD-CLR-01-COOL-002,M,ASH,45000,21600
TRD-CLR-01-COOL-002-L-CRM,TRD-CLR-01-COOL-002,L,CRM,45000,21600
TRD-CLR-01-COOL-002-L-ASH,TRD-CLR-01-COOL-002,L,ASH,45000,21600
TRD-CLR-01-MUT-003-S-CRM,TRD-CLR-01-MUT-003,S,CRM,45000,21600
TRD-CLR-01-MUT-003-S-ASH,TRD-CLR-01-MUT-003,S,ASH,45000,21600
TRD-CLR-01-MUT-003-M-CRM,TRD-CLR-01-MUT-003,M,CRM,45000,21600
TRD-CLR-01-MUT-003-M-ASH,TRD-CLR-01-MUT-003,M,ASH,45000,21600
TRD-CLR-01-MUT-003-L-CRM,TRD-CLR-01-MUT-003,L,CRM,45000,21600
TRD-CLR-01-MUT-003-L-ASH,TRD-CLR-01-MUT-003,L,ASH,45000,21600
TRD-OUT-01-STR-001-S-BLK,TRD-OUT-01-STR-001,S,BLK,79000,37920
TRD-OUT-01-STR-001-S-GRY,TRD-OUT-01-STR-001,S,GRY,79000,37920
TRD-OUT-01-STR-001-M-BLK,TRD-OUT-01-STR-001,M,BLK,79000,37920
TRD-OUT-01-STR-001-M-GRY,TRD-OUT-01-STR-001,M,GRY,79000,37920
TRD-OUT-01-STR-001-L-BLK,TRD-OUT-01-STR-001,L,BLK,79000,37920
TRD-OUT-01-STR-001-L-GRY,TRD-OUT-01-STR-001,L,GRY,79000,37920
TRD-OUT-01-WAV-002-S-BLK,TRD-OUT-01-WAV-002,S,BLK,79000,37920
TRD-OUT-01-WAV-002-S-GRY,TRD-OUT-01-WAV-002,S,GRY,79000,37920
TRD-OUT-01-WAV-002-M-BLK,TRD-OUT-01-WAV-002,M,BLK,79000,37920
TRD-OUT-01-WAV-002-M-GRY,TRD-OUT-01-WAV-002,M,GRY,79000,37920
TRD-OUT-01-WAV-002-L-BLK,TRD-OUT-01-WAV-002,L,BLK,79000,37920
TRD-OUT-01-WAV-002-L-GRY,TRD-OUT-01-WAV-002,L,GRY,79000,37920
TRD-OUT-01-NAT-003-S-BLK,TRD-OUT-01-NAT-003,S,BLK,79000,37920
TRD-OUT-01-NAT-003-S-GRY,TRD-OUT-01-NAT-003,S,GRY,79000,37920
TRD-OUT-01-NAT-003-M-BLK,TRD-OUT-01-NAT-003,M,BLK,79000,37920
TRD-OUT-01-NAT-003-M-GRY,TRD-OUT-01-NAT-003,M,GRY,79000,37920
TRD-OUT-01-NAT-003-L-BLK,TRD-OUT-01-NAT-003,L,BLK,79000,37920
TRD-OUT-01-NAT-003-L-GRY,TRD-OUT-01-NAT-003,L,GRY,79000,37920
TRD-TOP-01-STR-001-S-BLK,TRD-TOP-01-STR-001,S,BLK,42000,20160
TRD-TOP-01-STR-001-S-IVR,TRD-TOP-01-STR-001,S,IVR,42000,20160
TRD-TOP-01-STR-001-M-BLK,TRD-TOP-01-STR-001,M,BLK,42000,20160
TRD-TOP-01-STR-001-M-IVR,TRD-TOP-01-STR-001,M,IVR,42000,20160
TRD-TOP-01-STR-001-L-BLK,TRD-TOP-01-STR-001,L,BLK,42000,20160
TRD-TOP-01-STR-001-L-IVR,TRD-TOP-01-STR-001,L,IVR,42000,20160
TRD-TOP-01-WAV-002-S-BLK,TRD-TOP-01-WAV-002,S,BLK,42000,20160
TRD-TOP-01-WAV-002-S-IVR,TRD-TOP-01-WAV-002,S,IVR,42000,20160
TRD-TOP-01-WAV-002-M-BLK,TRD-TOP-01-WAV-002,M,BLK,42000,20160
TRD-TOP-01-WAV-002-M-IVR,TRD-TOP-01-WAV-002,M,IVR,42000,20160
TRD-TOP-01-WAV-002-L-BLK,TRD-TOP-01-WAV-002,L,BLK,42000,20160
TRD-TOP-01-WAV-002-L-IVR,TRD-TOP-01-WAV-002,L,IVR,42000,20160
TRD-TOP-01-NAT-003-S-BLK,TRD-TOP-01-NAT-003,S,BLK,42000,20160
TRD-TOP-01-NAT-003-S-IVR,TRD-TOP-01-NAT-003,S,IVR,42000,20160
TRD-TOP-01-NAT-003-M-BLK,TRD-TOP-01-NAT-003,M,BLK,42000,20160
TRD-TOP-01-NAT-003-M-IVR,TRD-TOP-01-NAT-003,M,IVR,42000,20160
TRD-TOP-01-NAT-003-L-BLK,TRD-TOP-01-NAT-003,L,BLK,42000,20160
TRD-TOP-01-NAT-003-L-IVR,TRD-TOP-01-NAT-003,L,IVR,42000,20160
TRD-OUT-02-STR-001-S-BRN,TRD-OUT-02-STR-001,S,BRN,79000,37920
TRD-OUT-02-STR-001-S-GRN,TRD-OUT-02-STR-001,S,GRN,79000,37920
TRD-OUT-02-STR-001-S-BEG,TRD-OUT-02-STR-001,S,BEG,79000,37920
TRD-OUT-02-STR-001-M-BRN,TRD-OUT-02-STR-001,M,BRN,79000,37920
TRD-OUT-02-STR-001-M-GRN,TRD-OUT-02-STR-001,M,GRN,79000,37920
TRD-OUT-02-STR-001-M-BEG,TRD-OUT-02-STR-001,M,BEG,79000,37920
TRD-OUT-02-STR-001-L-BRN,TRD-OUT-02-STR-001,L,BRN,79000,37920
TRD-OUT-02-STR-001-L-GRN,TRD-OUT-02-STR-001,L,GRN,79000,37920
TRD-OUT-02-STR-001-L-BEG,TRD-OUT-02-STR-001,L,BEG,79000,37920
TRD-OUT-02-WAV-002-S-BRN,TRD-OUT-02-WAV-002,S,BRN,79000,37920
TRD-OUT-02-WAV-002-S-GRN,TRD-OUT-02-WAV-002,S,GRN,79000,37920
TRD-OUT-02-WAV-002-S-BEG,TRD-OUT-02-WAV-002,S,BEG,79000,37920
TRD-OUT-02-WAV-002-M-BRN,TRD-OUT-02-WAV-002,M,BRN,79000,37920
TRD-OUT-02-WAV-002-M-GRN,TRD-OUT-02-WAV-002,M,GRN,79000,37920
TRD-OUT-02-WAV-002-M-BEG,TRD-OUT-02-WAV-002,M,BEG,79000,37920
TRD-OUT-02-WAV-002-L-BRN,TRD-OUT-02-WAV-002,L,BRN,79000,37920
TRD-OUT-02-WAV-002-L-GRN,TRD-OUT-02-WAV-002,L,GRN,79000,37920
TRD-OUT-02-WAV-002-L-BEG,TRD-OUT-02-WAV-002,L,BEG,79000,37920
TRD-OUT-02-NAT-003-S-BRN,TRD-OUT-02-NAT-003,S,BRN,79000,37920
TRD-OUT-02-NAT-003-S-GRN,TRD-OUT-02-NAT-003,S,GRN,79000,37920
TRD-OUT-02-NAT-003-S-BEG,TRD-OUT-02-NAT-003,S,BEG,79000,37920
TRD-OUT-02-NAT-003-M-BRN,TRD-OUT-02-NAT-003,M,BRN,79000,37920
TRD-OUT-02-NAT-003-M-GRN,TRD-OUT-02-NAT-003,M,GRN,79000,37920
TRD-OUT-02-NAT-003-M-BEG,TRD-OUT-02-NAT-003,M,BEG,79000,37920
TRD-OUT-02-NAT-003-L-BRN,TRD-OUT-02-NAT-003,L,BRN,79000,37920
TRD-OUT-02-NAT-003-L-GRN,TRD-OUT-02-NAT-003,L,GRN,79000,37920
TRD-OUT-02-NAT-003-L-BEG,TRD-OUT-02-NAT-003,L,BEG,79000,37920
TRD-OUT-03-STR-001-S-BLK,TRD-OUT-03-STR-001,S,BLK,69000,33120
TRD-OUT-03-STR-001-S-BEG,TRD-OUT-03-STR-001,S,BEG,69000,33120
TRD-OUT-03-STR-001-M-BLK,TRD-OUT-03-STR-001,M,BLK,69000,33120
TRD-OUT-03-STR-001-M-BEG,TRD-OUT-03-STR-001,M,BEG,69000,33120
TRD-OUT-03-STR-001-L-BLK,TRD-OUT-03-STR-001,L,BLK,69000,33120
TRD-OUT-03-STR-001-L-BEG,TRD-OUT-03-STR-001,L,BEG,69000,33120
TRD-OUT-03-WAV-002-S-BLK,TRD-OUT-03-WAV-002,S,BLK,69000,33120
TRD-OUT-03-WAV-002-S-BEG,TRD-OUT-03-WAV-002,S,BEG,69000,33120
TRD-OUT-03-WAV-002-M-BLK,TRD-OUT-03-WAV-002,M,BLK,69000,33120
TRD-OUT-03-WAV-002-M-BEG,TRD-OUT-03-WAV-002,M,BEG,69000,33120
TRD-OUT-03-WAV-002-L-BLK,TRD-OUT-03-WAV-002,L,BLK,69000,33120
TRD-OUT-03-WAV-002-L-BEG,TRD-OUT-03-WAV-002,L,BEG,69000,33120
TRD-OUT-03-NAT-003-S-BLK,TRD-OUT-03-NAT-003,S,BLK,69000,33120
TRD-OUT-03-NAT-003-S-BEG,TRD-OUT-03-NAT-003,S,BEG,69000,33120
TRD-OUT-03-NAT-003-M-BLK,TRD-OUT-03-NAT-003,M,BLK,69000,33120
TRD-OUT-03-NAT-003-M-BEG,TRD-OUT-03-NAT-003,M,BEG,69000,33120
TRD-OUT-03-NAT-003-L-BLK,TRD-OUT-03-NAT-003,L,BLK,69000,33120
TRD-OUT-03-NAT-003-L-BEG,TRD-OUT-03-NAT-003,L,BEG,69000,33120
TRD-ACC-01-CHM-001-FREE-BLK,TRD-ACC-01-CHM-001,FREE,BLK,15000,7200
TRD-ACC-01-CHM-001-FREE-GLD,TRD-ACC-01-CHM-001,FREE,GLD,15000,7200
TRD-ACC-01-CHM-001-FREE-SLV,TRD-ACC-01-CHM-001,FREE,SLV,15000,7200
