customer_id,persona_segment,signup_channel,signup_date
CUST-000000144,Primary(18-24),ZIGZAG,2024-03-01
CUST-000000223,Primary(18-24),ZIGZAG,2024-03-01
CUST-000000386,Primary(18-24),ZIGZAG,2024-03-01
CUST-000000493,Primary(18-24),ZIGZAG,2024-03-02
CUST-000000551,Secondary(25-28),ZIGZAG,2024-03-02
CUST-000000748,Primary(18-24),ZIGZAG,2024-03-02
CUST-000000786,Primary(18-24),ZIGZAG,2024-03-02
CUST-000001121,Primary(18-24),ZIGZAG,2024-03-03
CUST-000001552,Secondary(25-28),ZIGZAG,2024-03-03
CUST-000001775,Primary(18-24),ZIGZAG,2024-03-04
CUST-000002216,Secondary(25-28),ZIGZAG,2024-03-05
CUST-000002486,Primary(18-24),ZIGZAG,2024-03-05
CUST-000002724,Primary(18-24),ZIGZAG,2024-03-06
CUST-000002729,Secondary(25-28),ZIGZAG,2024-03-06
CUST-000002730,Primary(18-24),ZIGZAG,2024-03-06
CUST-000002862,Primary(18-24),ZIGZAG,2024-03-06
CUST-000002904,Primary(18-24),ZIGZAG,2024-03-06
CUST-000003312,Primary(18-24),ZIGZAG,2024-03-07
CUST-000003554,Secondary(25-28),ZIGZAG,2024-03-08
CUST-000003582,Secondary(25-28),ZIGZAG,2024-03-08
CUST-000003741,Primary(18-24),ZIGZAG,2024-03-08
CUST-000003922,Primary(18-24),ZIGZAG,2024-03-09
CUST-000003996,Primary(18-24),ZIGZAG,2024-03-09
CUST-000004284,Primary(18-24),ZIGZAG,2024-03-09
CUST-000004293,Secondary(25-28),ZIGZAG,2024-03-09
CUST-000004533,Primary(18-24),ZIGZAG,2024-03-10
CUST-000004795,Secondary(25-28),ZIGZAG,2024-03-10
CUST-000004877,Primary(18-24),ZIGZAG,2024-03-10
CUST-000004914,Primary(18-24),ZIGZAG,2024-03-10
CUST-000004925,Primary(18-24),ZIGZAG,2024-03-10
CUST-000005714,Primary(18-24),ZIGZAG,2024-03-12
CUST-000006062,Primary(18-24),ZIGZAG,2024-03-13
CUST-000006133,Secondary(25-28),ZIGZAG,2024-03-13
CUST-000006270,Secondary(25-28),ZIGZAG,2024-03-13
CUST-000006616,Primary(18-24),ZIGZAG,2024-03-14
CUST-000006651,Primary(18-24),ZIGZAG,2024-03-14
CUST-000006961,Primary(18-24),ZIGZAG,2024-03-15
CUST-000007075,Primary(18-24),ZIGZAG,2024-03-15
CUST-000007088,Primary(18-24),ZIGZAG,2024-03-15
CUST-000007239,Secondary(25-28),ZIGZAG,2024-03-16
CUST-000007658,Secondary(25-28),ZIGZAG,2024-03-18
CUST-000007787,Primary(18-24),ZIGZAG,2024-03-19
CUST-000007987,Secondary(25-28),ZIGZAG,2024-03-20
CUST-000008177,Primary(18-24),ZIGZAG,2024-03-21
CUST-000008218,Primary(18-24),ZIGZAG,2024-03-21
CUST-000008270,Primary(18-24),ZIGZAG,2024-03-22
CUST-000008280,Primary(18-24),ZIGZAG,2024-03-22
CUST-000008447,Primary(18-24),ZIGZAG,2024-03-23
CUST-000008915,Primary(18-24),ZIGZAG,2024-03-24
CUST-000009003,Primary(18-24),ZIGZAG,2024-03-25
CUST-000009316,Secondary(25-28),ZIGZAG,2024-03-26
CUST-000009334,Primary(18-24),ZIGZAG,2024-03-26
CUST-000009628,Primary(18-24),ZIGZAG,2024-03-28
CUST-000009866,Secondary(25-28),ZIGZAG,2024-03-29
CUST-000009914,Primary(18-24),ZIGZAG,2024-03-30
CUST-000010463,Primary(18-24),ZIGZAG,2024-04-01
CUST-000010610,Primary(18-24),ZIGZAG,2024-04-02
CUST-000010645,Secondary(25-28),ZIGZAG,2024-04-02
CUST-000011188,Primary(18-24),ZIGZAG,2024-04-05
CUST-000011573,Primary(18-24),ZIGZAG,2024-04-07
CUST-000011912,Primary(18-24),ZIGZAG,2024-04-08
CUST-000012211,Secondary(25-28),ZIGZAG,2024-04-10
CUST-000012296,Secondary(25-28),ZIGZAG,2024-04-10
CUST-000012300,Secondary(25-28),ZIGZAG,2024-04-10
CUST-000012346,Primary(18-24),ZIGZAG,2024-04-11
CUST-000012973,Primary(18-24),ZIGZAG,2024-04-14
CUST-000013240,Primary(18-24),ZIGZAG,2024-04-15
CUST-000013262,Primary(18-24),ZIGZAG,2024-04-15
CUST-000013338,Primary(18-24),ZIGZAG,2024-04-15
CUST-000013346,Primary(18-24),ZIGZAG,2024-04-15
CUST-000013380,Secondary(25-28),ZIGZAG,2024-04-16
CUST-000013436,Primary(18-24),ZIGZAG,2024-04-16
CUST-000013480,Primary(18-24),ZIGZAG,2024-04-16
CUST-000013816,Secondary(25-28),ZIGZAG,2024-04-18
CUST-000013923,Primary(18-24),ZIGZAG,2024-04-19
CUST-000013989,Secondary(25-28),ZIGZAG,2024-04-19
CUST-000014370,Primary(18-24),ZIGZAG,2024-04-21
CUST-000014512,Primary(18-24),ZIGZAG,2024-04-21
CUST-000015211,Primary(18-24),ZIGZAG,2024-04-25
CUST-000015576,Primary(18-24),ZIGZAG,2024-04-27
CUST-000015733,Primary(18-24),ZIGZAG,2024-04-28
CUST-000016094,Primary(18-24),ZIGZAG,2024-04-29
CUST-000016243,Secondary(25-28),ZIGZAG,2024-04-30
CUST-000016512,Primary(18-24),ZIGZAG,2024-05-02
CUST-000016686,Secondary(25-28),ZIGZAG,2024-05-03
CUST-000016782,Primary(18-24),ZIGZAG,2024-05-03
CUST-000016814,Secondary(25-28),ZIGZAG,2024-05-03
CUST-000017304,Primary(18-24),ZIGZAG,2024-05-05
CUST-000017387,Primary(18-24),ZIGZAG,2024-05-05
CUST-000018235,Primary(18-24),ZIGZAG,2024-05-10
CUST-000018731,Primary(18-24),ZIGZAG,2024-05-12
CUST-000018774,Secondary(25-28),ZIGZAG,2024-05-12
CUST-000019956,Primary(18-24),ZIGZAG,2024-05-19
CUST-000020209,Secondary(25-28),ZIGZAG,2024-05-20
CUST-000020256,Secondary(25-28),ZIGZAG,2024-05-20
CUST-000020326,Primary(18-24),ZIGZAG,2024-05-21
CUST-000020613,Secondary(25-28),ZIGZAG,2024-05-22
CUST-000020884,Secondary(25-28),ZIGZAG,2024-05-24
CUST-000021041,Primary(18-24),ZIGZAG,2024-05-25
CUST-000021280,Primary(18-24),ZIGZAG,2024-05-25
CUST-000021355,Primary(18-24),ZIGZAG,2024-05-26
CUST-000021630,Primary(18-24),ZIGZAG,2024-05-27
CUST-000021874,Primary(18-24),ZIGZAG,2024-05-28
CUST-000022009,Primary(18-24),ZIGZAG,2024-05-29
CUST-000022142,Primary(18-24),ZIGZAG,2024-05-30
CUST-000022300,Primary(18-24),ZIGZAG,2024-05-31
CUST-000022668,Primary(18-24),ZIGZAG,2024-06-01
CUST-000022745,Secondary(25-28),ZIGZAG,2024-06-02
CUST-000022880,Primary(18-24),ZIGZAG,2024-06-02
CUST-000022913,Primary(18-24),ZIGZAG,2024-06-02
CUST-000022926,Secondary(25-28),ZIGZAG,2024-06-02
CUST-000023181,Primary(18-24),ZIGZAG,2024-06-03
CUST-000023697,Primary(18-24),ZIGZAG,2024-06-06
CUST-000023745,Primary(18-24),ZIGZAG,2024-06-07
CUST-000023891,Primary(18-24),ZIGZAG,2024-06-07
CUST-000024241,Secondary(25-28),ZIGZAG,2024-06-09
CUST-000024268,Primary(18-24),ZIGZAG,2024-06-09
CUST-000024406,Secondary(25-28),ZIGZAG,2024-06-09
CUST-000024502,Secondary(25-28),ZIGZAG,2024-06-10
CUST-000024765,Primary(18-24),ZIGZAG,2024-06-11
CUST-000025670,Primary(18-24),ZIGZAG,2024-06-16
CUST-000025976,Secondary(25-28),ZIGZAG,2024-06-17
CUST-000027584,Primary(18-24),ZIGZAG,2024-06-24
CUST-000027737,Primary(18-24),ZIGZAG,2024-06-25
CUST-000027783,Primary(18-24),ZIGZAG,2024-06-25
CUST-000028011,Primary(18-24),ZIGZAG,2024-06-27
CUST-000028301,Primary(18-24),ZIGZAG,2024-06-28
CUST-000028318,Primary(18-24),ZIGZAG,2024-06-28
CUST-000028631,Secondary(25-28),ZIGZAG,2024-06-30
CUST-000028869,Secondary(25-28),ZIGZAG,2024-06-30
CUST-000029161,Primary(18-24),ZIGZAG,2024-07-02
CUST-000029186,Primary(18-24),ZIGZAG,2024-07-02
CUST-000029333,Primary(18-24),ZIGZAG,2024-07-03
CUST-000029502,Primary(18-24),ZIGZAG,2024-07-04
CUST-000029527,Primary(18-24),ZIGZAG,2024-07-04
CUST-000029780,Secondary(25-28),ZIGZAG,2024-07-05
CUST-000029949,Primary(18-24),ZIGZAG,2024-07-06
CUST-000030086,Secondary(25-28),ZIGZAG,2024-07-07
CUST-000030321,Secondary(25-28),ZIGZAG,2024-07-07
CUST-000030373,Primary(18-24),ZIGZAG,2024-07-08
CUST-000030687,Primary(18-24),ZIGZAG,2024-07-09
CUST-000030796,Primary(18-24),ZIGZAG,2024-07-10
CUST-000031484,Primary(18-24),ZIGZAG,2024-07-13
CUST-000031916,Primary(18-24),ZIGZAG,2024-07-15
CUST-000031993,Primary(18-24),ZIGZAG,2024-07-15
CUST-000032403,Secondary(25-28),ZIGZAG,2024-07-18
CUST-000033151,Secondary(25-28),ZIGZAG,2024-07-21
CUST-000033260,Primary(18-24),ZIGZAG,2024-07-21
CUST-000033281,Primary(18-24),ZIGZAG,2024-07-22
CUST-000033434,Primary(18-24),ZIGZAG,2024-07-22
CUST-000033875,Primary(18-24),ZIGZAG,2024-07-25
CUST-000034277,Primary(18-24),ZIGZAG,2024-07-25
CUST-000034301,Secondary(25-28),ZIGZAG,2024-07-26
CUST-000034310,Secondary(25-28),ZIGZAG,2024-07-26
CUST-000034321,Primary(18-24),ZIGZAG,2024-07-26
CUST-000035172,Primary(18-24),ZIGZAG,2024-07-27
CUST-000035327,Secondary(25-28),ZIGZAG,2024-07-27
CUST-000035488,Primary(18-24),ZIGZAG,2024-07-28
CUST-000035814,Secondary(25-28),ZIGZAG,2024-07-28
CUST-000036006,Primary(18-24),ZIGZAG,2024-07-28
CUST-000036044,Secondary(25-28),ZIGZAG,2024-07-28
CUST-000036274,Secondary(25-28),ZIGZAG,2024-07-29
CUST-000036500,Secondary(25-28),ZIGZAG,2024-07-29
CUST-000037216,Primary(18-24),ZIGZAG,2024-07-31
CUST-000037225,Secondary(25-28),ZIGZAG,2024-07-31
CUST-000037336,Primary(18-24),ZIGZAG,2024-07-31
CUST-000037412,Primary(18-24),ZIGZAG,2024-07-31
CUST-000038407,Primary(18-24),ZIGZAG,2024-08-02
CUST-000038837,Secondary(25-28),ZIGZAG,2024-08-03
CUST-000038843,Primary(18-24),ZIGZAG,2024-08-03
CUST-000038926,Primary(18-24),ZIGZAG,2024-08-03
CUST-000039457,Primary(18-24),ZIGZAG,2024-08-04
CUST-000039590,Primary(18-24),ZIGZAG,2024-08-04
CUST-000039638,Secondary(25-28),ZIGZAG,2024-08-04
CUST-000040008,Secondary(25-28),ZIGZAG,2024-08-05
CUST-000040112,Primary(18-24),ZIGZAG,2024-08-05
CUST-000040350,Secondary(25-28),ZIGZAG,2024-08-06
CUST-000040376,Primary(18-24),ZIGZAG,2024-08-06
CUST-000041225,Primary(18-24),ZIGZAG,2024-08-08
CUST-000041473,Primary(18-24),ZIGZAG,2024-08-08
CUST-000041565,Primary(18-24),ZIGZAG,2024-08-08
CUST-000041985,Secondary(25-28),ZIGZAG,2024-08-09
CUST-000042468,Primary(18-24),ZIGZAG,2024-08-10
CUST-000043072,Primary(18-24),ZIGZAG,2024-08-12
CUST-000043223,Primary(18-24),ZIGZAG,2024-08-13
CUST-000044009,Secondary(25-28),ZIGZAG,2024-08-17
CUST-000044060,Secondary(25-28),ZIGZAG,2024-08-17
CUST-000044211,Primary(18-24),ZIGZAG,2024-08-18
CUST-000045013,Primary(18-24),ZIGZAG,2024-08-21
CUST-000045729,Primary(18-24),ZIGZAG,2024-08-25
CUST-000045819,Secondary(25-28),ZIGZAG,2024-08-25
CUST-000046389,Primary(18-24),ZIGZAG,2024-08-28
CUST-000046408,Primary(18-24),ZIGZAG,2024-08-28
CUST-000046509,Primary(18-24),ZIGZAG,2024-08-29
CUST-000046597,Secondary(25-28),ZIGZAG,2024-08-29
CUST-000046760,Primary(18-24),ZIGZAG,2024-08-30
CUST-000046895,Secondary(25-28),ZIGZAG,2024-08-31
CUST-000047134,Secondary(25-28),ZIGZAG,2024-09-01
CUST-000047674,Primary(18-24),ZIGZAG,2024-09-02
CUST-000047692,Primary(18-24),ZIGZAG,2024-09-02
CUST-000047727,Primary(18-24),ZIGZAG,2024-09-03
CUST-000048499,Secondary(25-28),ZIGZAG,2024-09-06
CUST-000048568,Secondary(25-28),ZIGZAG,2024-09-06
CUST-000049311,Primary(18-24),ZIGZAG,2024-09-08
CUST-000049499,Primary(18-24),ZIGZAG,2024-09-09
CUST-000049531,Primary(18-24),ZIGZAG,2024-09-09
CUST-000049895,Secondary(25-28),ZIGZAG,2024-09-11
CUST-000050178,Secondary(25-28),ZIGZAG,2024-09-12
CUST-000050493,Secondary(25-28),ZIGZAG,2024-09-13
CUST-000050542,Secondary(25-28),ZIGZAG,2024-09-13
CUST-000050617,Primary(18-24),ZIGZAG,2024-09-14
CUST-000050678,Primary(18-24),ZIGZAG,2024-09-14
CUST-000050686,Primary(18-24),ZIGZAG,2024-09-14
CUST-000051346,Secondary(25-28),ZIGZAG,2024-09-16
CUST-000052247,Secondary(25-28),ZIGZAG,2024-09-19
CUST-000052346,Primary(18-24),ZIGZAG,2024-09-20
CUST-000052445,Secondary(25-28),ZIGZAG,2024-09-20
CUST-000052482,Primary(18-24),ZIGZAG,2024-09-20
CUST-000052810,Primary(18-24),ZIGZAG,2024-09-21
CUST-000053961,Secondary(25-28),ZIGZAG,2024-09-26
CUST-000054132,Primary(18-24),ZIGZAG,2024-09-27
CUST-000054623,Primary(18-24),ZIGZAG,2024-09-28
CUST-000054757,Primary(18-24),ZIGZAG,2024-09-29
CUST-000055100,Primary(18-24),ZIGZAG,2024-09-30
CUST-000055160,Secondary(25-28),ZIGZAG,2024-09-30
CUST-000055191,Primary(18-24),ZIGZAG,2024-09-30
CUST-000055917,Primary(18-24),ZIGZAG,2024-10-03
CUST-000056190,Primary(18-24),ZIGZAG,2024-10-04
CUST-000056198,Primary(18-24),ZIGZAG,2024-10-04
CUST-000056325,Secondary(25-28),ZIGZAG,2024-10-05
CUST-000056975,Secondary(25-28),ZIGZAG,2024-10-06
CUST-000057084,Primary(18-24),ZIGZAG,2024-10-07
CUST-000057260,Primary(18-24),ZIGZAG,2024-10-07
CUST-000057372,Primary(18-24),ZIGZAG,2024-10-08
CUST-000057483,Primary(18-24),ZIGZAG,2024-10-08
CUST-000057495,Secondary(25-28),ZIGZAG,2024-10-08
CUST-000057852,Primary(18-24),ZIGZAG,2024-10-10
CUST-000058098,Primary(18-24),ZIGZAG,2024-10-11
CUST-000058187,Secondary(25-28),ZIGZAG,2024-10-11
CUST-000058443,Primary(18-24),ZIGZAG,2024-10-12
CUST-000058531,Secondary(25-28),ZIGZAG,2024-10-12
CUST-000058746,Primary(18-24),ZIGZAG,2024-10-13
CUST-000059237,Secondary(25-28),ZIGZAG,2024-10-14
CUST-000059374,Primary(18-24),ZIGZAG,2024-10-15
CUST-000060227,Primary(18-24),ZIGZAG,2024-10-18
CUST-000060255,Secondary(25-28),ZIGZAG,2024-10-19
CUST-000061202,Primary(18-24),ZIGZAG,2024-10-21
CUST-000062481,Primary(18-24),ZIGZAG,2024-10-26
CUST-000062679,Primary(18-24),ZIGZAG,2024-10-27
CUST-000063372,Primary(18-24),ZIGZAG,2024-10-29
CUST-000063468,Secondary(25-28),ZIGZAG,2024-10-30
CUST-000063474,Primary(18-24),ZIGZAG,2024-10-30
CUST-000063511,Primary(18-24),ZIGZAG,2024-10-30
CUST-000064030,Primary(18-24),ZIGZAG,2024-11-01
CUST-000064819,Secondary(25-28),ZIGZAG,2024-11-03
CUST-000064979,Primary(18-24),ZIGZAG,2024-11-04
CUST-000065060,Secondary(25-28),ZIGZAG,2024-11-04
CUST-000065973,Primary(18-24),ZIGZAG,2024-11-08
CUST-000066097,Primary(18-24),ZIGZAG,2024-11-08
CUST-000066203,Secondary(25-28),ZIGZAG,2024-11-09
CUST-000066431,Primary(18-24),ZIGZAG,2024-11-09
CUST-000067360,Primary(18-24),ZIGZAG,2024-11-13
CUST-000067459,Primary(18-24),ZIGZAG,2024-11-13
CUST-000068328,Secondary(25-28),ZIGZAG,2024-11-16
CUST-000068377,Secondary(25-28),ZIGZAG,2024-11-16
CUST-000068392,Primary(18-24),ZIGZAG,2024-11-16
CUST-000068422,Primary(18-24),ZIGZAG,2024-11-16
CUST-000069139,Primary(18-24),ZIGZAG,2024-11-19
CUST-000069165,Primary(18-24),ZIGZAG,2024-11-19
CUST-000069185,Primary(18-24),ZIGZAG,2024-11-19
CUST-000069429,Primary(18-24),ZIGZAG,2024-11-20
CUST-000069793,Primary(18-24),ZIGZAG,2024-11-20
CUST-000069870,Secondary(25-28),ZIGZAG,2024-11-20
CUST-000070134,Primary(18-24),ZIGZAG,2024-11-21
CUST-000070599,Primary(18-24),ZIGZAG,2024-11-21
CUST-000070706,Secondary(25-28),ZIGZAG,2024-11-21
CUST-000071080,Primary(18-24),ZIGZAG,2024-11-22
CUST-000071625,Primary(18-24),ZIGZAG,2024-11-23
CUST-000072228,Primary(18-24),ZIGZAG,2024-11-23
CUST-000072354,Secondary(25-28),ZIGZAG,2024-11-23
CUST-000072509,Secondary(25-28),ZIGZAG,2024-11-23
CUST-000072630,Primary(18-24),ZIGZAG,2024-11-24
CUST-000072861,Primary(18-24),ZIGZAG,2024-11-24
CUST-000072991,Primary(18-24),ZIGZAG,2024-11-24
CUST-000073047,Primary(18-24),ZIGZAG,2024-11-24
CUST-000073267,Primary(18-24),ZIGZAG,2024-11-24
CUST-000073460,Secondary(25-28),ZIGZAG,2024-11-24
CUST-000074310,Primary(18-24),ZIGZAG,2024-11-25
CUST-000074341,Secondary(25-28),ZIGZAG,2024-11-25
CUST-000074574,Primary(18-24),ZIGZAG,2024-11-26
CUST-000074630,Primary(18-24),ZIGZAG,2024-11-26
CUST-000075378,Primary(18-24),ZIGZAG,2024-11-27
CUST-000075518,Primary(18-24),ZIGZAG,2024-11-27
CUST-000075630,Primary(18-24),ZIGZAG,2024-11-27
CUST-000075795,Primary(18-24),ZIGZAG,2024-11-27
CUST-000077001,Secondary(25-28),ZIGZAG,2024-11-29
CUST-000077019,Primary(18-24),ZIGZAG,2024-11-29
CUST-000077043,Primary(18-24),ZIGZAG,2024-11-29
CUST-000077110,Primary(18-24),ZIGZAG,2024-11-29
CUST-000077530,Primary(18-24),ZIGZAG,2024-11-30
CUST-000077572,Primary(18-24),ZIGZAG,2024-11-30
CUST-000077735,Primary(18-24),ZIGZAG,2024-11-30
CUST-000078099,Primary(18-24),ZIGZAG,2024-11-30
CUST-000078658,Secondary(25-28),ZIGZAG,2024-12-01
CUST-000079295,Primary(18-24),ZIGZAG,2024-12-03
CUST-000080435,Primary(18-24),ZIGZAG,2024-12-07
CUST-000080728,Secondary(25-28),ZIGZAG,2024-12-08
CUST-000081201,Secondary(25-28),ZIGZAG,2024-12-10
CUST-000081789,Primary(18-24),ZIGZAG,2024-12-13
CUST-000081805,Secondary(25-28),ZIGZAG,2024-12-13
CUST-000082138,Primary(18-24),ZIGZAG,2024-12-14
CUST-000082291,Primary(18-24),ZIGZAG,2024-12-14
CUST-000082429,Secondary(25-28),ZIGZAG,2024-12-15
CUST-000082769,Secondary(25-28),ZIGZAG,2024-12-15
CUST-000082941,Primary(18-24),ZIGZAG,2024-12-15
CUST-000083078,Secondary(25-28),ZIGZAG,2024-12-16
CUST-000083129,Secondary(25-28),ZIGZAG,2024-12-16
CUST-000083336,Primary(18-24),ZIGZAG,2024-12-16
CUST-000083343,Primary(18-24),ZIGZAG,2024-12-16
CUST-000083539,Secondary(25-28),ZIGZAG,2024-12-17
CUST-000083908,Primary(18-24),ZIGZAG,2024-12-17
CUST-000084475,Secondary(25-28),ZIGZAG,2024-12-18
CUST-000084609,Secondary(25-28),ZIGZAG,2024-12-19
CUST-000085318,Primary(18-24),ZIGZAG,2024-12-20
CUST-000085627,Secondary(25-28),ZIGZAG,2024-12-21
CUST-000085761,Primary(18-24),ZIGZAG,2024-12-21
CUST-000085851,Secondary(25-28),ZIGZAG,2024-12-21
CUST-000085886,Primary(18-24),ZIGZAG,2024-12-21
CUST-000086309,Primary(18-24),ZIGZAG,2024-12-22
CUST-000087088,Secondary(25-28),ZIGZAG,2024-12-23
CUST-000087957,Primary(18-24),ZIGZAG,2024-12-25
CUST-000088035,Primary(18-24),ZIGZAG,2024-12-25
CUST-000088400,Secondary(25-28),ZIGZAG,2024-12-26
CUST-000088435,Primary(18-24),ZIGZAG,2024-12-26
CUST-000088445,Primary(18-24),ZIGZAG,2024-12-26
CUST-000088618,Primary(18-24),ZIGZAG,2024-12-26
CUST-000088754,Primary(18-24),ZIGZAG,2024-12-26
CUST-000088813,Primary(18-24),ZIGZAG,2024-12-27
CUST-000089230,Primary(18-24),ZIGZAG,2024-12-27
CUST-000089493,Primary(18-24),ZIGZAG,2024-12-28
CUST-000089666,Primary(18-24),ZIGZAG,2024-12-28
CUST-000089683,Secondary(25-28),ZIGZAG,2024-12-28
CUST-000089714,Secondary(25-28),ZIGZAG,2024-12-28
CUST-000090269,Primary(18-24),ZIGZAG,2024-12-29
CUST-000090608,Secondary(25-28),ZIGZAG,2024-12-29
CUST-000090831,Secondary(25-28),ZIGZAG,2024-12-30
CUST-000090899,Primary(18-24),ZIGZAG,2024-12-30
CUST-000090981,Primary(18-24),ZIGZAG,2024-12-30
CUST-000092005,Secondary(25-28),ZIGZAG,2025-01-01
CUST-000092278,Secondary(25-28),ZIGZAG,2025-01-02
CUST-000092367,Primary(18-24),ZIGZAG,2025-01-02
CUST-000094039,Primary(18-24),ZIGZAG,2025-01-05
CUST-000094340,Primary(18-24),ZIGZAG,2025-01-05
CUST-000094432,Secondary(25-28),ZIGZAG,2025-01-05
CUST-000095431,Primary(18-24),ZIGZAG,2025-01-07
CUST-000095854,Primary(18-24),ZIGZAG,2025-01-08
CUST-000096053,Primary(18-24),ZIGZAG,2025-01-09
CUST-000097061,Secondary(25-28),ZIGZAG,2025-01-11
CUST-000097116,Primary(18-24),ZIGZAG,2025-01-11
CUST-000097157,Secondary(25-28),ZIGZAG,2025-01-11
CUST-000097158,Primary(18-24),ZIGZAG,2025-01-11
CUST-000097302,Secondary(25-28),ZIGZAG,2025-01-11
CUST-000097455,Primary(18-24),ZIGZAG,2025-01-11
CUST-000097488,Primary(18-24),ZIGZAG,2025-01-11
CUST-000097688,Secondary(25-28),ZIGZAG,2025-01-11
CUST-000098255,Primary(18-24),ZIGZAG,2025-01-12
CUST-000098677,Primary(18-24),ZIGZAG,2025-01-13
CUST-000098828,Primary(18-24),ZIGZAG,2025-01-13
CUST-000099426,Primary(18-24),ZIGZAG,2025-01-15
CUST-000099488,Primary(18-24),ZIGZAG,2025-01-15
CUST-000099774,Primary(18-24),ZIGZAG,2025-01-15
CUST-000100097,Secondary(25-28),ZIGZAG,2025-01-17
CUST-000100304,Primary(18-24),ZIGZAG,2025-01-18
CUST-000101569,Primary(18-24),ZIGZAG,2025-01-22
CUST-000101679,Primary(18-24),ZIGZAG,2025-01-22
CUST-000101830,Primary(18-24),ZIGZAG,2025-01-23
CUST-000102098,Primary(18-24),ZIGZAG,2025-01-24
CUST-000102500,Secondary(25-28),ZIGZAG,2025-01-25
CUST-000102553,Primary(18-24),ZIGZAG,2025-01-25
CUST-000102857,Primary(18-24),ZIGZAG,2025-01-26
CUST-000103472,Primary(18-24),ZIGZAG,2025-01-28
CUST-000103787,Secondary(25-28),ZIGZAG,2025-01-30
CUST-000103921,Primary(18-24),ZIGZAG,2025-01-30
CUST-000104351,Primary(18-24),ZIGZAG,2025-02-01
CUST-000105013,Primary(18-24),ZIGZAG,2025-02-03
CUST-000105554,Primary(18-24),ZIGZAG,2025-02-05
CUST-000106216,Primary(18-24),ZIGZAG,2025-02-08
CUST-000106233,Primary(18-24),ZIGZAG,2025-02-08
CUST-000106401,Secondary(25-28),ZIGZAG,2025-02-08
CUST-000106437,Primary(18-24),ZIGZAG,2025-02-08
CUST-000108343,Primary(18-24),ZIGZAG,2025-02-15
CUST-000108827,Secondary(25-28),ZIGZAG,2025-02-17
CUST-000109333,Primary(18-24),ZIGZAG,2025-02-19
CUST-000110829,Secondary(25-28),ZIGZAG,2025-02-24
CUST-000111232,Primary(18-24),ZIGZAG,2025-02-25
CUST-000111510,Secondary(25-28),ZIGZAG,2025-02-26
CUST-000111706,Primary(18-24),ZIGZAG,2025-02-27
CUST-000112459,Primary(18-24),ZIGZAG,2025-03-01
CUST-000112577,Primary(18-24),ZIGZAG,2025-03-01
CUST-000112606,Primary(18-24),ZIGZAG,2025-03-01
CUST-000113139,Primary(18-24),ZIGZAG,2025-03-01
CUST-000113288,Primary(18-24),ZIGZAG,2025-03-01
CUST-000113781,Primary(18-24),ZIGZAG,2025-03-01
CUST-000114215,Primary(18-24),ZIGZAG,2025-03-01
CUST-000114906,Primary(18-24),ZIGZAG,2025-03-02
CUST-000115358,Primary(18-24),ZIGZAG,2025-03-02
CUST-000115629,Secondary(25-28),ZIGZAG,2025-03-02
CUST-000115792,Secondary(25-28),ZIGZAG,2025-03-02
CUST-000115874,Primary(18-24),ZIGZAG,2025-03-02
CUST-000116022,Secondary(25-28),ZIGZAG,2025-03-02
CUST-000116168,Secondary(25-28),ZIGZAG,2025-03-02
CUST-000116298,Secondary(25-28),ZIGZAG,2025-03-02
CUST-000116503,Secondary(25-28),ZIGZAG,2025-03-03
CUST-000116542,Primary(18-24),ZIGZAG,2025-03-03
CUST-000116829,Primary(18-24),ZIGZAG,2025-03-03
CUST-000117095,Primary(18-24),ZIGZAG,2025-03-03
CUST-000117672,Primary(18-24),ZIGZAG,2025-03-03
CUST-000117696,Secondary(25-28),ZIGZAG,2025-03-03
CUST-000118531,Secondary(25-28),ZIGZAG,2025-03-04
CUST-000118612,Primary(18-24),ZIGZAG,2025-03-04
CUST-000118788,Primary(18-24),ZIGZAG,2025-03-04
CUST-000119801,Primary(18-24),ZIGZAG,2025-03-05
CUST-000119824,Secondary(25-28),ZIGZAG,2025-03-05
CUST-000120722,Primary(18-24),ZIGZAG,2025-03-05
CUST-000121274,Primary(18-24),ZIGZAG,2025-03-06
CUST-000121524,Primary(18-24),ZIGZAG,2025-03-06
CUST-000121687,Secondary(25-28),ZIGZAG,2025-03-06
CUST-000121958,Primary(18-24),ZIGZAG,2025-03-06
CUST-000122939,Primary(18-24),ZIGZAG,2025-03-07
CUST-000122946,Secondary(25-28),ZIGZAG,2025-03-07
CUST-000124179,Primary(18-24),ZIGZAG,2025-03-08
CUST-000124245,Primary(18-24),ZIGZAG,2025-03-08
CUST-000124403,Secondary(25-28),ZIGZAG,2025-03-08
CUST-000125264,Secondary(25-28),ZIGZAG,2025-03-08
CUST-000125322,Primary(18-24),ZIGZAG,2025-03-08
CUST-000127228,Primary(18-24),ZIGZAG,2025-03-09
CUST-000128374,Primary(18-24),ZIGZAG,2025-03-09
CUST-000128647,Primary(18-24),ZIGZAG,2025-03-10
CUST-000129058,Primary(18-24),ZIGZAG,2025-03-10
CUST-000129364,Secondary(25-28),ZIGZAG,2025-03-10
CUST-000129546,Secondary(25-28),ZIGZAG,2025-03-10
CUST-000129614,Primary(18-24),ZIGZAG,2025-03-10
CUST-000129626,Secondary(25-28),ZIGZAG,2025-03-10
CUST-000129746,Secondary(25-28),ZIGZAG,2025-03-10
CUST-000129898,Secondary(25-28),ZIGZAG,2025-03-10
CUST-000129926,Primary(18-24),ZIGZAG,2025-03-10
CUST-000129973,Primary(18-24),ZIGZAG,2025-03-10
CUST-000130835,Secondary(25-28),ZIGZAG,2025-03-11
CUST-000131159,Secondary(25-28),ZIGZAG,2025-03-11
CUST-000131352,Primary(18-24),ZIGZAG,2025-03-11
CUST-000131743,Secondary(25-28),ZIGZAG,2025-03-12
CUST-000131753,Secondary(25-28),ZIGZAG,2025-03-12
CUST-000131820,Primary(18-24),ZIGZAG,2025-03-12
CUST-000132087,Primary(18-24),ZIGZAG,2025-03-12
CUST-000132105,Primary(18-24),ZIGZAG,2025-03-12
CUST-000132966,Primary(18-24),ZIGZAG,2025-03-12
CUST-000133244,Primary(18-24),ZIGZAG,2025-03-13
CUST-000133558,Primary(18-24),ZIGZAG,2025-03-13
CUST-000133717,Secondary(25-28),ZIGZAG,2025-03-13
CUST-000134330,Secondary(25-28),ZIGZAG,2025-03-13
CUST-000134484,Primary(18-24),ZIGZAG,2025-03-13
CUST-000134568,Primary(18-24),ZIGZAG,2025-03-13
CUST-000135062,Secondary(25-28),ZIGZAG,2025-03-14
CUST-000135234,Secondary(25-28),ZIGZAG,2025-03-14
CUST-000135403,Primary(18-24),ZIGZAG,2025-03-14
CUST-000135616,Primary(18-24),ZIGZAG,2025-03-14
CUST-000135781,Primary(18-24),ZIGZAG,2025-03-14
CUST-000135877,Primary(18-24),ZIGZAG,2025-03-14
CUST-000135944,Secondary(25-28),ZIGZAG,2025-03-14
CUST-000136518,Secondary(25-28),ZIGZAG,2025-03-15
CUST-000136834,Primary(18-24),ZIGZAG,2025-03-15
CUST-000137001,Primary(18-24),ZIGZAG,2025-03-15
CUST-000137009,Primary(18-24),ZIGZAG,2025-03-15
CUST-000137083,Primary(18-24),ZIGZAG,2025-03-15
CUST-000137321,Primary(18-24),ZIGZAG,2025-03-16
CUST-000137352,Primary(18-24),ZIGZAG,2025-03-16
CUST-000137775,Primary(18-24),ZIGZAG,2025-03-16
CUST-000138019,Secondary(25-28),ZIGZAG,2025-03-17
CUST-000138034,Primary(18-24),ZIGZAG,2025-03-17
CUST-000138123,Primary(18-24),ZIGZAG,2025-03-17
CUST-000138285,Primary(18-24),ZIGZAG,2025-03-17
CUST-000138286,Secondary(25-28),ZIGZAG,2025-03-17
CUST-000138570,Secondary(25-28),ZIGZAG,2025-03-17
CUST-000138843,Primary(18-24),ZIGZAG,2025-03-18
CUST-000139002,Primary(18-24),ZIGZAG,2025-03-18
CUST-000139584,Primary(18-24),ZIGZAG,2025-03-19
CUST-000141363,Primary(18-24),ZIGZAG,2025-03-22
CUST-000141664,Primary(18-24),ZIGZAG,2025-03-22
CUST-000142124,Secondary(25-28),ZIGZAG,2025-03-23
CUST-000142157,Primary(18-24),ZIGZAG,2025-03-23
CUST-000142543,Secondary(25-28),ZIGZAG,2025-03-23
CUST-000143531,Primary(18-24),ZIGZAG,2025-03-25
CUST-000143977,Primary(18-24),ZIGZAG,2025-03-25
CUST-000144447,Secondary(25-28),ZIGZAG,2025-03-26
CUST-000145047,Secondary(25-28),ZIGZAG,2025-03-27
CUST-000145287,Primary(18-24),ZIGZAG,2025-03-27
CUST-000146370,Primary(18-24),ZIGZAG,2025-03-29
CUST-000146463,Primary(18-24),ZIGZAG,2025-03-29
CUST-000146847,Secondary(25-28),ZIGZAG,2025-03-30
CUST-000147148,Primary(18-24),ZIGZAG,2025-03-30
CUST-000147334,Primary(18-24),ZIGZAG,2025-03-30
CUST-000147999,Primary(18-24),ZIGZAG,2025-03-31
CUST-000148206,Secondary(25-28),ZIGZAG,2025-03-31
CUST-000148686,Primary(18-24),ZIGZAG,2025-04-01
CUST-000148860,Secondary(25-28),ZIGZAG,2025-04-01
CUST-000149120,Secondary(25-28),ZIGZAG,2025-04-02
CUST-000149334,Primary(18-24),ZIGZAG,2025-04-02
CUST-000149360,Primary(18-24),ZIGZAG,2025-04-02
CUST-000150209,Primary(18-24),ZIGZAG,2025-04-04
CUST-000150520,Primary(18-24),ZIGZAG,2025-04-04
CUST-000150727,Primary(18-24),ZIGZAG,2025-04-04
CUST-000151081,Primary(18-24),ZIGZAG,2025-04-05
CUST-000152551,Primary(18-24),ZIGZAG,2025-04-06
CUST-000152615,Primary(18-24),ZIGZAG,2025-04-06
CUST-000153133,Secondary(25-28),ZIGZAG,2025-04-07
CUST-000153675,Primary(18-24),ZIGZAG,2025-04-08
CUST-000154298,Primary(18-24),ZIGZAG,2025-04-09
CUST-000154589,Secondary(25-28),ZIGZAG,2025-04-10
CUST-000154618,Primary(18-24),ZIGZAG,2025-04-10
CUST-000155275,Primary(18-24),ZIGZAG,2025-04-11
CUST-000155994,Primary(18-24),ZIGZAG,2025-04-12
CUST-000156225,Secondary(25-28),ZIGZAG,2025-04-12
CUST-000156396,Secondary(25-28),ZIGZAG,2025-04-12
CUST-000156917,Primary(18-24),ZIGZAG,2025-04-13
CUST-000157266,Primary(18-24),ZIGZAG,2025-04-13
CUST-000157891,Secondary(25-28),ZIGZAG,2025-04-14
CUST-000157985,Secondary(25-28),ZIGZAG,2025-04-14
CUST-000158450,Secondary(25-28),ZIGZAG,2025-04-15
CUST-000158732,Secondary(25-28),ZIGZAG,2025-04-15
CUST-000159341,Primary(18-24),ZIGZAG,2025-04-16
CUST-000160139,Primary(18-24),ZIGZAG,2025-04-18
CUST-000160146,Secondary(25-28),ZIGZAG,2025-04-18
CUST-000160210,Primary(18-24),ZIGZAG,2025-04-18
CUST-000160472,Secondary(25-28),ZIGZAG,2025-04-18
CUST-000160487,Primary(18-24),ZIGZAG,2025-04-18
CUST-000160738,Primary(18-24),ZIGZAG,2025-04-19
CUST-000160927,Primary(18-24),ZIGZAG,2025-04-19
CUST-000160966,Primary(18-24),ZIGZAG,2025-04-19
CUST-000160988,Primary(18-24),ZIGZAG,2025-04-19
CUST-000161089,Primary(18-24),ZIGZAG,2025-04-19
CUST-000161121,Primary(18-24),ZIGZAG,2025-04-19
CUST-000161329,Secondary(25-28),ZIGZAG,2025-04-19
CUST-000161405,Primary(18-24),ZIGZAG,2025-04-19
CUST-000161669,Primary(18-24),ZIGZAG,2025-04-20
CUST-000162039,Primary(18-24),ZIGZAG,2025-04-20
CUST-000162672,Primary(18-24),ZIGZAG,2025-04-21
CUST-000162769,Primary(18-24),ZIGZAG,2025-04-21
CUST-000163265,Primary(18-24),ZIGZAG,2025-04-22
CUST-000163492,Secondary(25-28),ZIGZAG,2025-04-22
CUST-000163567,Primary(18-24),ZIGZAG,2025-04-22
CUST-000163674,Secondary(25-28),ZIGZAG,2025-04-23
CUST-000164679,Primary(18-24),ZIGZAG,2025-04-24
CUST-000165136,Primary(18-24),ZIGZAG,2025-04-25
CUST-000165606,Primary(18-24),ZIGZAG,2025-04-26
CUST-000165652,Secondary(25-28),ZIGZAG,2025-04-26
CUST-000165691,Secondary(25-28),ZIGZAG,2025-04-26
CUST-000165730,Primary(18-24),ZIGZAG,2025-04-26
CUST-000166394,Primary(18-24),ZIGZAG,2025-04-27
CUST-000166537,Primary(18-24),ZIGZAG,2025-04-27
CUST-000166900,Secondary(25-28),ZIGZAG,2025-04-27
CUST-000167016,Primary(18-24),ZIGZAG,2025-04-27
CUST-000169013,Primary(18-24),ZIGZAG,2025-04-30
CUST-000169787,Primary(18-24),ZIGZAG,2025-05-02
CUST-000170307,Primary(18-24),ZIGZAG,2025-05-02
CUST-000170756,Secondary(25-28),ZIGZAG,2025-05-03
CUST-000170867,Secondary(25-28),ZIGZAG,2025-05-03
CUST-000170905,Primary(18-24),ZIGZAG,2025-05-03
CUST-000171420,Primary(18-24),ZIGZAG,2025-05-04
CUST-000171551,Primary(18-24),ZIGZAG,2025-05-04
CUST-000171874,Secondary(25-28),ZIGZAG,2025-05-04
CUST-000172398,Primary(18-24),ZIGZAG,2025-05-05
CUST-000172639,Primary(18-24),ZIGZAG,2025-05-05
CUST-000172649,Secondary(25-28),ZIGZAG,2025-05-05
CUST-000172719,Primary(18-24),ZIGZAG,2025-05-06
CUST-000173088,Primary(18-24),ZIGZAG,2025-05-06
CUST-000173398,Primary(18-24),ZIGZAG,2025-05-07
CUST-000173420,Primary(18-24),ZIGZAG,2025-05-07
CUST-000174069,Secondary(25-28),ZIGZAG,2025-05-08
CUST-000174290,Secondary(25-28),ZIGZAG,2025-05-08
CUST-000174630,Primary(18-24),ZIGZAG,2025-05-09
CUST-000174820,Secondary(25-28),ZIGZAG,2025-05-09
CUST-000175063,Secondary(25-28),ZIGZAG,2025-05-09
CUST-000175220,Primary(18-24),ZIGZAG,2025-05-10
CUST-000175388,Primary(18-24),ZIGZAG,2025-05-10
CUST-000175430,Primary(18-24),ZIGZAG,2025-05-10
CUST-000175672,Primary(18-24),ZIGZAG,2025-05-10
CUST-000175691,Primary(18-24),ZIGZAG,2025-05-10
CUST-000175766,Secondary(25-28),ZIGZAG,2025-05-10
CUST-000176122,Primary(18-24),ZIGZAG,2025-05-11
CUST-000176298,Primary(18-24),ZIGZAG,2025-05-11
CUST-000176668,Primary(18-24),ZIGZAG,2025-05-11
CUST-000177765,Secondary(25-28),ZIGZAG,2025-05-13
CUST-000178172,Secondary(25-28),ZIGZAG,2025-05-13
CUST-000179028,Secondary(25-28),ZIGZAG,2025-05-15
CUST-000179371,Primary(18-24),ZIGZAG,2025-05-15
CUST-000179634,Secondary(25-28),ZIGZAG,2025-05-16
CUST-000180131,Primary(18-24),ZIGZAG,2025-05-17
CUST-000180902,Primary(18-24),ZIGZAG,2025-05-17
CUST-000181275,Primary(18-24),ZIGZAG,2025-05-18
CUST-000181284,Primary(18-24),ZIGZAG,2025-05-18
CUST-000181295,Primary(18-24),ZIGZAG,2025-05-18
CUST-000182151,Primary(18-24),ZIGZAG,2025-05-19
CUST-000182166,Primary(18-24),ZIGZAG,2025-05-19
CUST-000182171,Secondary(25-28),ZIGZAG,2025-05-19
CUST-000182537,Secondary(25-28),ZIGZAG,2025-05-20
CUST-000183078,Primary(18-24),ZIGZAG,2025-05-20
CUST-000183192,Secondary(25-28),ZIGZAG,2025-05-21
CUST-000183752,Primary(18-24),ZIGZAG,2025-05-22
CUST-000184025,Secondary(25-28),ZIGZAG,2025-05-22
CUST-000184168,Secondary(25-28),ZIGZAG,2025-05-22
CUST-000184612,Secondary(25-28),ZIGZAG,2025-05-23
CUST-000184835,Primary(18-24),ZIGZAG,2025-05-23
CUST-000185434,Primary(18-24),ZIGZAG,2025-05-24
CUST-000185491,Primary(18-24),ZIGZAG,2025-05-24
CUST-000185917,Secondary(25-28),ZIGZAG,2025-05-25
CUST-000186278,Primary(18-24),ZIGZAG,2025-05-25
CUST-000186424,Secondary(25-28),ZIGZAG,2025-05-25
CUST-000186747,Secondary(25-28),ZIGZAG,2025-05-26
CUST-000186807,Primary(18-24),ZIGZAG,2025-05-26
CUST-000187873,Primary(18-24),ZIGZAG,2025-05-27
CUST-000188285,Primary(18-24),ZIGZAG,2025-05-28
CUST-000189118,Secondary(25-28),ZIGZAG,2025-05-29
CUST-000189572,Primary(18-24),ZIGZAG,2025-05-30
CUST-000189656,Primary(18-24),ZIGZAG,2025-05-30
CUST-000190235,Primary(18-24),ZIGZAG,2025-05-31
CUST-000190398,Secondary(25-28),ZIGZAG,2025-05-31
CUST-000191450,Primary(18-24),ZIGZAG,2025-06-01
CUST-000192657,Secondary(25-28),ZIGZAG,2025-06-03
CUST-000192874,Primary(18-24),ZIGZAG,2025-06-03
CUST-000193633,Primary(18-24),ZIGZAG,2025-06-05
CUST-000193766,Secondary(25-28),ZIGZAG,2025-06-05
CUST-000195516,Secondary(25-28),ZIGZAG,2025-06-07
CUST-000196016,Secondary(25-28),ZIGZAG,2025-06-08
CUST-000196069,Primary(18-24),ZIGZAG,2025-06-08
CUST-000198227,Primary(18-24),ZIGZAG,2025-06-11
CUST-000198374,Primary(18-24),ZIGZAG,2025-06-11
CUST-000198604,Primary(18-24),ZIGZAG,2025-06-11
CUST-000199439,Secondary(25-28),ZIGZAG,2025-06-13
CUST-000200078,Primary(18-24),ZIGZAG,2025-06-14
CUST-000201033,Secondary(25-28),ZIGZAG,2025-06-15
CUST-000201116,Primary(18-24),ZIGZAG,2025-06-15
CUST-000201223,Primary(18-24),ZIGZAG,2025-06-15
CUST-000201665,Primary(18-24),ZIGZAG,2025-06-15
CUST-000201757,Primary(18-24),ZIGZAG,2025-06-15
CUST-000201767,Secondary(25-28),ZIGZAG,2025-06-15
CUST-000201963,Primary(18-24),ZIGZAG,2025-06-16
CUST-000202632,Secondary(25-28),ZIGZAG,2025-06-17
CUST-000202758,Primary(18-24),ZIGZAG,2025-06-17
CUST-000202887,Primary(18-24),ZIGZAG,2025-06-17
CUST-000202982,Primary(18-24),ZIGZAG,2025-06-17
CUST-000203416,Secondary(25-28),ZIGZAG,2025-06-18
CUST-000203653,Primary(18-24),ZIGZAG,2025-06-18
CUST-000203805,Secondary(25-28),ZIGZAG,2025-06-18
CUST-000204181,Primary(18-24),ZIGZAG,2025-06-19
CUST-000205393,Primary(18-24),ZIGZAG,2025-06-21
CUST-000205735,Secondary(25-28),ZIGZAG,2025-06-21
CUST-000205838,Secondary(25-28),ZIGZAG,2025-06-21
CUST-000205895,Primary(18-24),ZIGZAG,2025-06-21
CUST-000205960,Secondary(25-28),ZIGZAG,2025-06-21
CUST-000206265,Secondary(25-28),ZIGZAG,2025-06-22
CUST-000206281,Primary(18-24),ZIGZAG,2025-06-22
CUST-000206848,Primary(18-24),ZIGZAG,2025-06-22
CUST-000207193,Secondary(25-28),ZIGZAG,2025-06-23
CUST-000207909,Primary(18-24),ZIGZAG,2025-06-24
CUST-000208490,Primary(18-24),ZIGZAG,2025-06-25
CUST-000209010,Secondary(25-28),ZIGZAG,2025-06-25
CUST-000209016,Secondary(25-28),ZIGZAG,2025-06-25
CUST-000209332,Secondary(25-28),ZIGZAG,2025-06-26
CUST-000209434,Primary(18-24),ZIGZAG,2025-06-26
CUST-000209445,Primary(18-24),ZIGZAG,2025-06-26
CUST-000209627,Primary(18-24),ZIGZAG,2025-06-26
CUST-000210592,Primary(18-24),ZIGZAG,2025-06-28
CUST-000210616,Secondary(25-28),ZIGZAG,2025-06-28
CUST-000210655,Secondary(25-28),ZIGZAG,2025-06-28
CUST-000210966,Primary(18-24),ZIGZAG,2025-06-28
CUST-000211073,Primary(18-24),ZIGZAG,2025-06-28
CUST-000211375,Primary(18-24),ZIGZAG,2025-06-28
CUST-000211445,Secondary(25-28),ZIGZAG,2025-06-29
CUST-000212015,Primary(18-24),ZIGZAG,2025-06-29
CUST-000212344,Primary(18-24),ZIGZAG,2025-06-30
CUST-000213263,Secondary(25-28),ZIGZAG,2025-07-01
CUST-000213621,Primary(18-24),ZIGZAG,2025-07-02
CUST-000213670,Primary(18-24),ZIGZAG,2025-07-02
CUST-000214080,Primary(18-24),ZIGZAG,2025-07-02
CUST-000214234,Primary(18-24),ZIGZAG,2025-07-03
CUST-000214280,Primary(18-24),ZIGZAG,2025-07-03
CUST-000214731,Primary(18-24),ZIGZAG,2025-07-03
CUST-000215035,Secondary(25-28),ZIGZAG,2025-07-04
CUST-000215164,Primary(18-24),ZIGZAG,2025-07-04
CUST-000215473,Primary(18-24),ZIGZAG,2025-07-04
CUST-000215516,Secondary(25-28),ZIGZAG,2025-07-04
CUST-000215744,Primary(18-24),ZIGZAG,2025-07-05
CUST-000216643,Primary(18-24),ZIGZAG,2025-07-06
CUST-000216849,Primary(18-24),ZIGZAG,2025-07-06
CUST-000217074,Secondary(25-28),ZIGZAG,2025-07-06
CUST-000217793,Primary(18-24),ZIGZAG,2025-07-07
CUST-000220537,Primary(18-24),ZIGZAG,2025-07-11
CUST-000221294,Primary(18-24),ZIGZAG,2025-07-12
CUST-000221450,Secondary(25-28),ZIGZAG,2025-07-12
CUST-000222114,Secondary(25-28),ZIGZAG,2025-07-13
CUST-000222490,Secondary(25-28),ZIGZAG,2025-07-13
CUST-000222675,Primary(18-24),ZIGZAG,2025-07-14
CUST-000222730,Primary(18-24),ZIGZAG,2025-07-14
CUST-000223172,Primary(18-24),ZIGZAG,2025-07-14
CUST-000223597,Primary(18-24),ZIGZAG,2025-07-15
CUST-000223841,Primary(18-24),ZIGZAG,2025-07-15
CUST-000224242,Primary(18-24),ZIGZAG,2025-07-16
CUST-000224329,Primary(18-24),ZIGZAG,2025-07-16
CUST-000224545,Secondary(25-28),ZIGZAG,2025-07-17
CUST-000224562,Primary(18-24),ZIGZAG,2025-07-17
CUST-000224567,Primary(18-24),ZIGZAG,2025-07-17
CUST-000224633,Secondary(25-28),ZIGZAG,2025-07-17
CUST-000224701,Primary(18-24),ZIGZAG,2025-07-17
CUST-000224814,Primary(18-24),ZIGZAG,2025-07-17
CUST-000225982,Secondary(25-28),ZIGZAG,2025-07-19
CUST-000226051,Primary(18-24),ZIGZAG,2025-07-19
CUST-000226730,Secondary(25-28),ZIGZAG,2025-07-20
CUST-000226794,Primary(18-24),ZIGZAG,2025-07-20
CUST-000226937,Primary(18-24),ZIGZAG,2025-07-20
CUST-000227205,Secondary(25-28),ZIGZAG,2025-07-20
CUST-000227318,Primary(18-24),ZIGZAG,2025-07-20
CUST-000227709,Primary(18-24),ZIGZAG,2025-07-21
CUST-000228514,Secondary(25-28),ZIGZAG,2025-07-22
CUST-000228542,Secondary(25-28),ZIGZAG,2025-07-22
CUST-000229304,Primary(18-24),ZIGZAG,2025-07-23
CUST-000229437,Primary(18-24),ZIGZAG,2025-07-23
CUST-000229870,Secondary(25-28),ZIGZAG,2025-07-24
CUST-000229894,Primary(18-24),ZIGZAG,2025-07-24
CUST-000230327,Primary(18-24),ZIGZAG,2025-07-25
CUST-000230398,Primary(18-24),ZIGZAG,2025-07-25
CUST-000230989,Primary(18-24),ZIGZAG,2025-07-25
CUST-000231357,Primary(18-24),ZIGZAG,2025-07-25
CUST-000231639,Primary(18-24),ZIGZAG,2025-07-25
CUST-000231913,Primary(18-24),ZIGZAG,2025-07-26
CUST-000232054,Secondary(25-28),ZIGZAG,2025-07-26
CUST-000232364,Primary(18-24),ZIGZAG,2025-07-26
CUST-000232553,Primary(18-24),ZIGZAG,2025-07-26
CUST-000233892,Primary(18-24),ZIGZAG,2025-07-26
CUST-000234047,Primary(18-24),ZIGZAG,2025-07-26
CUST-000234195,Secondary(25-28),ZIGZAG,2025-07-27
CUST-000234303,Primary(18-24),ZIGZAG,2025-07-27
CUST-000235361,Secondary(25-28),ZIGZAG,2025-07-27
CUST-000235768,Secondary(25-28),ZIGZAG,2025-07-27
CUST-000236068,Primary(18-24),ZIGZAG,2025-07-27
CUST-000236693,Primary(18-24),ZIGZAG,2025-07-28
CUST-000236741,Primary(18-24),ZIGZAG,2025-07-28
CUST-000238398,Primary(18-24),ZIGZAG,2025-07-29
CUST-000238747,Primary(18-24),ZIGZAG,2025-07-29
CUST-000239037,Primary(18-24),ZIGZAG,2025-07-29
CUST-000239405,Primary(18-24),ZIGZAG,2025-07-29
CUST-000240103,Primary(18-24),ZIGZAG,2025-07-30
CUST-000240329,Primary(18-24),ZIGZAG,2025-07-30
CUST-000241010,Primary(18-24),ZIGZAG,2025-07-30
CUST-000241132,Primary(18-24),ZIGZAG,2025-07-30
CUST-000241596,Primary(18-24),ZIGZAG,2025-07-31
CUST-000241802,Secondary(25-28),ZIGZAG,2025-07-31
CUST-000242168,Primary(18-24),ZIGZAG,2025-07-31
CUST-000242505,Primary(18-24),ZIGZAG,2025-07-31
CUST-000243023,Primary(18-24),ZIGZAG,2025-08-01
CUST-000243101,Secondary(25-28),ZIGZAG,2025-08-01
CUST-000243388,Primary(18-24),ZIGZAG,2025-08-01
CUST-000243464,Primary(18-24),ZIGZAG,2025-08-01
CUST-000243999,Primary(18-24),ZIGZAG,2025-08-01
CUST-000244487,Primary(18-24),ZIGZAG,2025-08-01
CUST-000244981,Primary(18-24),ZIGZAG,2025-08-02
CUST-000245045,Secondary(25-28),ZIGZAG,2025-08-02
CUST-000245090,Primary(18-24),ZIGZAG,2025-08-02
CUST-000245116,Secondary(25-28),ZIGZAG,2025-08-02
CUST-000246090,Primary(18-24),ZIGZAG,2025-08-02
CUST-000246114,Secondary(25-28),ZIGZAG,2025-08-02
CUST-000246345,Secondary(25-28),ZIGZAG,2025-08-02
CUST-000247431,Primary(18-24),ZIGZAG,2025-08-03
CUST-000247565,Secondary(25-28),ZIGZAG,2025-08-03
CUST-000248935,Secondary(25-28),ZIGZAG,2025-08-03
CUST-000249975,Secondary(25-28),ZIGZAG,2025-08-04
CUST-000250199,Secondary(25-28),ZIGZAG,2025-08-04
CUST-000250485,Secondary(25-28),ZIGZAG,2025-08-04
CUST-000250707,Secondary(25-28),ZIGZAG,2025-08-05
CUST-000251467,Primary(18-24),ZIGZAG,2025-08-05
CUST-000252084,Primary(18-24),ZIGZAG,2025-08-05
CUST-000252859,Primary(18-24),ZIGZAG,2025-08-06
CUST-000252911,Primary(18-24),ZIGZAG,2025-08-06
CUST-000253501,Primary(18-24),ZIGZAG,2025-08-06
CUST-000253626,Primary(18-24),ZIGZAG,2025-08-06
CUST-000253761,Secondary(25-28),ZIGZAG,2025-08-06
CUST-000253798,Secondary(25-28),ZIGZAG,2025-08-06
CUST-000254077,Secondary(25-28),ZIGZAG,2025-08-07
CUST-000254098,Primary(18-24),ZIGZAG,2025-08-07
CUST-000254853,Primary(18-24),ZIGZAG,2025-08-07
CUST-000254885,Primary(18-24),ZIGZAG,2025-08-07
CUST-000255322,Primary(18-24),ZIGZAG,2025-08-07
CUST-000255520,Primary(18-24),ZIGZAG,2025-08-07
CUST-000255550,Primary(18-24),ZIGZAG,2025-08-07
CUST-000255726,Primary(18-24),ZIGZAG,2025-08-08
CUST-000256320,Primary(18-24),ZIGZAG,2025-08-08
CUST-000256666,Primary(18-24),ZIGZAG,2025-08-08
CUST-000258440,Primary(18-24),ZIGZAG,2025-08-09
CUST-000258632,Primary(18-24),ZIGZAG,2025-08-09
CUST-000258658,Primary(18-24),ZIGZAG,2025-08-09
CUST-000259309,Secondary(25-28),ZIGZAG,2025-08-09
CUST-000259518,Primary(18-24),ZIGZAG,2025-08-09
CUST-000259747,Primary(18-24),ZIGZAG,2025-08-10
CUST-000261080,Primary(18-24),ZIGZAG,2025-08-10
CUST-000261299,Primary(18-24),ZIGZAG,2025-08-10
CUST-000261684,Secondary(25-28),ZIGZAG,2025-08-10
CUST-000261826,Primary(18-24),ZIGZAG,2025-08-10
CUST-000261953,Primary(18-24),ZIGZAG,2025-08-11
CUST-000262627,Primary(18-24),ZIGZAG,2025-08-12
CUST-000262781,Primary(18-24),ZIGZAG,2025-08-12
CUST-000262837,Primary(18-24),ZIGZAG,2025-08-12
CUST-000262972,Secondary(25-28),ZIGZAG,2025-08-12
CUST-000263314,Primary(18-24),ZIGZAG,2025-08-13
CUST-000263807,Primary(18-24),ZIGZAG,2025-08-14
CUST-000264729,Primary(18-24),ZIGZAG,2025-08-15
CUST-000265821,Primary(18-24),ZIGZAG,2025-08-16
CUST-000265867,Primary(18-24),ZIGZAG,2025-08-16
CUST-000266545,Primary(18-24),ZIGZAG,2025-08-17
CUST-000266576,Primary(18-24),ZIGZAG,2025-08-17
CUST-000266812,Primary(18-24),ZIGZAG,2025-08-17
CUST-000266900,Secondary(25-28),ZIGZAG,2025-08-17
CUST-000267800,Primary(18-24),ZIGZAG,2025-08-19
CUST-000268787,Primary(18-24),ZIGZAG,2025-08-20
CUST-000269772,Primary(18-24),ZIGZAG,2025-08-22
CUST-000270328,Primary(18-24),ZIGZAG,2025-08-23
CUST-000270334,Primary(18-24),ZIGZAG,2025-08-23
CUST-000270522,Primary(18-24),ZIGZAG,2025-08-23
CUST-000270576,Primary(18-24),ZIGZAG,2025-08-23
CUST-000270648,Secondary(25-28),ZIGZAG,2025-08-23
CUST-000270884,Primary(18-24),ZIGZAG,2025-08-23
CUST-000271032,Primary(18-24),ZIGZAG,2025-08-23
CUST-000272242,Primary(18-24),ZIGZAG,2025-08-25
CUST-000272255,Primary(18-24),ZIGZAG,2025-08-25
CUST-000272448,Primary(18-24),ZIGZAG,2025-08-25
CUST-000273096,Primary(18-24),ZIGZAG,2025-08-26
CUST-000273837,Primary(18-24),ZIGZAG,2025-08-27
CUST-000274271,Secondary(25-28),ZIGZAG,2025-08-28
CUST-000275044,Secondary(25-28),ZIGZAG,2025-08-29
CUST-000275888,Secondary(25-28),ZIGZAG,2025-08-30
CUST-000276269,Primary(18-24),ZIGZAG,2025-08-30
CUST-000276640,Primary(18-24),ZIGZAG,2025-08-31
CUST-000276754,Primary(18-24),ZIGZAG,2025-08-31
CUST-000277488,Primary(18-24),ZIGZAG,2025-09-01
CUST-000277618,Secondary(25-28),ZIGZAG,2025-09-01
CUST-000278524,Secondary(25-28),ZIGZAG,2025-09-02
CUST-000280327,Primary(18-24),ZIGZAG,2025-09-04
CUST-000280435,Primary(18-24),ZIGZAG,2025-09-04
CUST-000280719,Primary(18-24),ZIGZAG,2025-09-05
CUST-000281179,Primary(18-24),ZIGZAG,2025-09-05
CUST-000281206,Primary(18-24),ZIGZAG,2025-09-05
CUST-000281207,Primary(18-24),ZIGZAG,2025-09-05
CUST-000281455,Primary(18-24),ZIGZAG,2025-09-05
CUST-000282441,Primary(18-24),ZIGZAG,2025-09-06
CUST-000282485,Secondary(25-28),ZIGZAG,2025-09-06
CUST-000282502,Primary(18-24),ZIGZAG,2025-09-06
CUST-000282600,Primary(18-24),ZIGZAG,2025-09-06
CUST-000282920,Primary(18-24),ZIGZAG,2025-09-07
CUST-000283061,Primary(18-24),ZIGZAG,2025-09-07
CUST-000283972,Primary(18-24),ZIGZAG,2025-09-08
CUST-000283991,Primary(18-24),ZIGZAG,2025-09-08
CUST-000283998,Primary(18-24),ZIGZAG,2025-09-08
CUST-000284737,Secondary(25-28),ZIGZAG,2025-09-08
CUST-000284939,Primary(18-24),ZIGZAG,2025-09-09
CUST-000284971,Primary(18-24),ZIGZAG,2025-09-09
CUST-000285400,Secondary(25-28),ZIGZAG,2025-09-09
CUST-000285628,Primary(18-24),ZIGZAG,2025-09-10
CUST-000285742,Primary(18-24),ZIGZAG,2025-09-10
CUST-000286230,Primary(18-24),ZIGZAG,2025-09-10
CUST-000286241,Primary(18-24),ZIGZAG,2025-09-10
CUST-000286286,Primary(18-24),ZIGZAG,2025-09-10
CUST-000286479,Secondary(25-28),ZIGZAG,2025-09-11
CUST-000286537,Primary(18-24),ZIGZAG,2025-09-11
CUST-000286876,Primary(18-24),ZIGZAG,2025-09-11
CUST-000287216,Secondary(25-28),ZIGZAG,2025-09-11
CUST-000287399,Primary(18-24),ZIGZAG,2025-09-12
CUST-000287888,Primary(18-24),ZIGZAG,2025-09-12
CUST-000288246,Secondary(25-28),ZIGZAG,2025-09-13
CUST-000288392,Primary(18-24),ZIGZAG,2025-09-13
CUST-000288680,Primary(18-24),ZIGZAG,2025-09-13
CUST-000289492,Primary(18-24),ZIGZAG,2025-09-14
CUST-000291460,Primary(18-24),ZIGZAG,2025-09-16
CUST-000291753,Primary(18-24),ZIGZAG,2025-09-16
CUST-000291777,Secondary(25-28),ZIGZAG,2025-09-16
CUST-000292111,Primary(18-24),ZIGZAG,2025-09-17
CUST-000292239,Primary(18-24),ZIGZAG,2025-09-17
CUST-000292555,Secondary(25-28),ZIGZAG,2025-09-17
CUST-000292771,Primary(18-24),ZIGZAG,2025-09-17
CUST-000293511,Secondary(25-28),ZIGZAG,2025-09-18
CUST-000293689,Primary(18-24),ZIGZAG,2025-09-18
CUST-000293989,Primary(18-24),ZIGZAG,2025-09-19
CUST-000294036,Primary(18-24),ZIGZAG,2025-09-19
CUST-000294429,Primary(18-24),ZIGZAG,2025-09-19
CUST-000294601,Primary(18-24),ZIGZAG,2025-09-20
CUST-000295461,Primary(18-24),ZIGZAG,2025-09-20
CUST-000296025,Primary(18-24),ZIGZAG,2025-09-21
CUST-000296094,Primary(18-24),ZIGZAG,2025-09-21
CUST-000296430,Primary(18-24),ZIGZAG,2025-09-21
CUST-000296788,Primary(18-24),ZIGZAG,2025-09-21
CUST-000297139,Primary(18-24),ZIGZAG,2025-09-22
CUST-000297220,Primary(18-24),ZIGZAG,2025-09-22
CUST-000297849,Primary(18-24),ZIGZAG,2025-09-22
CUST-000297876,Primary(18-24),ZIGZAG,2025-09-22
CUST-000298054,Secondary(25-28),ZIGZAG,2025-09-23
CUST-000298077,Secondary(25-28),ZIGZAG,2025-09-23
CUST-000299056,Primary(18-24),ZIGZAG,2025-09-24
CUST-000299320,Primary(18-24),ZIGZAG,2025-09-24
CUST-000300251,Primary(18-24),ZIGZAG,2025-09-25
CUST-000300530,Secondary(25-28),ZIGZAG,2025-09-26
CUST-000301347,Primary(18-24),ZIGZAG,2025-09-27
CUST-000301381,Secondary(25-28),ZIGZAG,2025-09-27
CUST-000301841,Secondary(25-28),ZIGZAG,2025-09-27
CUST-000302121,Primary(18-24),ZIGZAG,2025-09-27
CUST-000302212,Secondary(25-28),ZIGZAG,2025-09-27
CUST-000302271,Primary(18-24),ZIGZAG,2025-09-27
CUST-000302315,Secondary(25-28),ZIGZAG,2025-09-27
CUST-000303137,Primary(18-24),ZIGZAG,2025-09-28
CUST-000303363,Primary(18-24),ZIGZAG,2025-09-28
CUST-000304463,Secondary(25-28),ZIGZAG,2025-09-30
CUST-000304566,Primary(18-24),ZIGZAG,2025-09-30
CUST-000305073,Primary(18-24),ZIGZAG,2025-09-30
CUST-000305553,Primary(18-24),ZIGZAG,2025-10-01
CUST-000307112,Primary(18-24),ZIGZAG,2025-10-03
CUST-000307201,Primary(18-24),ZIGZAG,2025-10-03
CUST-000307278,Primary(18-24),ZIGZAG,2025-10-03
CUST-000307342,Primary(18-24),ZIGZAG,2025-10-03
CUST-000307410,Primary(18-24),ZIGZAG,2025-10-03
CUST-000307501,Primary(18-24),ZIGZAG,2025-10-03
CUST-000308371,Secondary(25-28),ZIGZAG,2025-10-04
CUST-000308874,Primary(18-24),ZIGZAG,2025-10-04
CUST-000308881,Primary(18-24),ZIGZAG,2025-10-04
CUST-000309136,Primary(18-24),ZIGZAG,2025-10-05
CUST-000309600,Secondary(25-28),ZIGZAG,2025-10-05
CUST-000309662,Primary(18-24),ZIGZAG,2025-10-05
CUST-000310561,Primary(18-24),ZIGZAG,2025-10-06
CUST-000311539,Primary(18-24),ZIGZAG,2025-10-07
CUST-000311567,Secondary(25-28),ZIGZAG,2025-10-07
CUST-000311730,Primary(18-24),ZIGZAG,2025-10-08
CUST-000311810,Primary(18-24),ZIGZAG,2025-10-08
CUST-000311846,Primary(18-24),ZIGZAG,2025-10-08
CUST-000311928,Primary(18-24),ZIGZAG,2025-10-08
CUST-000312013,Primary(18-24),ZIGZAG,2025-10-08
CUST-000312165,Secondary(25-28),ZIGZAG,2025-10-08
CUST-000312375,Secondary(25-28),ZIGZAG,2025-10-08
CUST-000312402,Secondary(25-28),ZIGZAG,2025-10-08
CUST-000312414,Primary(18-24),ZIGZAG,2025-10-08
CUST-000312729,Primary(18-24),ZIGZAG,2025-10-09
CUST-000312845,Secondary(25-28),ZIGZAG,2025-10-09
CUST-000313212,Primary(18-24),ZIGZAG,2025-10-09
CUST-000314061,Primary(18-24),ZIGZAG,2025-10-10
CUST-000314067,Primary(18-24),ZIGZAG,2025-10-10
CUST-000315715,Primary(18-24),ZIGZAG,2025-10-12
CUST-000316391,Secondary(25-28),ZIGZAG,2025-10-12
CUST-000316479,Secondary(25-28),ZIGZAG,2025-10-12
CUST-000316684,Primary(18-24),ZIGZAG,2025-10-12
CUST-000317284,Primary(18-24),ZIGZAG,2025-10-13
CUST-000318007,Primary(18-24),ZIGZAG,2025-10-14
CUST-000318195,Primary(18-24),ZIGZAG,2025-10-14
CUST-000319133,Primary(18-24),ZIGZAG,2025-10-15
CUST-000319441,Primary(18-24),ZIGZAG,2025-10-16
CUST-000319460,Secondary(25-28),ZIGZAG,2025-10-16
CUST-000319774,Primary(18-24),ZIGZAG,2025-10-16
CUST-000320313,Secondary(25-28),ZIGZAG,2025-10-17
CUST-000320317,Primary(18-24),ZIGZAG,2025-10-17
CUST-000320591,Primary(18-24),ZIGZAG,2025-10-17
CUST-000320684,Primary(18-24),ZIGZAG,2025-10-17
CUST-000320688,Primary(18-24),ZIGZAG,2025-10-17
CUST-000321083,Primary(18-24),ZIGZAG,2025-10-18
CUST-000321491,Secondary(25-28),ZIGZAG,2025-10-18
CUST-000321568,Primary(18-24),ZIGZAG,2025-10-18
CUST-000321858,Secondary(25-28),ZIGZAG,2025-10-18
CUST-000322426,Secondary(25-28),ZIGZAG,2025-10-19
CUST-000322548,Secondary(25-28),ZIGZAG,2025-10-19
CUST-000322851,Primary(18-24),ZIGZAG,2025-10-19
CUST-000322944,Secondary(25-28),ZIGZAG,2025-10-19
CUST-000323510,Primary(18-24),ZIGZAG,2025-10-20
CUST-000324069,Primary(18-24),ZIGZAG,2025-10-21
CUST-000324258,Primary(18-24),ZIGZAG,2025-10-21
CUST-000324797,Primary(18-24),ZIGZAG,2025-10-21
CUST-000325146,Primary(18-24),ZIGZAG,2025-10-22
CUST-000325252,Secondary(25-28),ZIGZAG,2025-10-22
CUST-000325390,Primary(18-24),ZIGZAG,2025-10-22
CUST-000325408,Secondary(25-28),ZIGZAG,2025-10-22
CUST-000325784,Secondary(25-28),ZIGZAG,2025-10-23
CUST-000326933,Secondary(25-28),ZIGZAG,2025-10-24
CUST-000327863,Primary(18-24),ZIGZAG,2025-10-25
CUST-000328300,Primary(18-24),ZIGZAG,2025-10-25
CUST-000328329,Primary(18-24),ZIGZAG,2025-10-25
CUST-000328830,Primary(18-24),ZIGZAG,2025-10-26
CUST-000328947,Secondary(25-28),ZIGZAG,2025-10-26
CUST-000329199,Primary(18-24),ZIGZAG,2025-10-26
CUST-000330257,Secondary(25-28),ZIGZAG,2025-10-27
CUST-000330282,Primary(18-24),ZIGZAG,2025-10-27
CUST-000330566,Secondary(25-28),ZIGZAG,2025-10-27
CUST-000330650,Secondary(25-28),ZIGZAG,2025-10-28
CUST-000330758,Secondary(25-28),ZIGZAG,2025-10-28
CUST-000330921,Secondary(25-28),ZIGZAG,2025-10-28
CUST-000332363,Secondary(25-28),ZIGZAG,2025-10-30
CUST-000332654,Secondary(25-28),ZIGZAG,2025-10-30
CUST-000333102,Primary(18-24),ZIGZAG,2025-10-31
CUST-000333139,Primary(18-24),ZIGZAG,2025-10-31
CUST-000333515,Primary(18-24),ZIGZAG,2025-10-31
CUST-000333643,Primary(18-24),ZIGZAG,2025-10-31
CUST-000334721,Primary(18-24),ZIGZAG,2025-11-01
CUST-000334774,Primary(18-24),ZIGZAG,2025-11-01
CUST-000336150,Primary(18-24),ZIGZAG,2025-11-02
CUST-000336519,Primary(18-24),ZIGZAG,2025-11-03
CUST-000336656,Primary(18-24),ZIGZAG,2025-11-03
CUST-000337184,Secondary(25-28),ZIGZAG,2025-11-04
CUST-000338212,Primary(18-24),ZIGZAG,2025-11-05
CUST-000338238,Primary(18-24),ZIGZAG,2025-11-05
CUST-000338706,Secondary(25-28),ZIGZAG,2025-11-05
CUST-000339907,Primary(18-24),ZIGZAG,2025-11-07
CUST-000340365,Secondary(25-28),ZIGZAG,2025-11-07
CUST-000340412,Primary(18-24),ZIGZAG,2025-11-07
CUST-000340869,Primary(18-24),ZIGZAG,2025-11-08
CUST-000341580,Primary(18-24),ZIGZAG,2025-11-08
CUST-000341981,Primary(18-24),ZIGZAG,2025-11-09
CUST-000342141,Primary(18-24),ZIGZAG,2025-11-09
CUST-000342473,Primary(18-24),ZIGZAG,2025-11-09
CUST-000342620,Primary(18-24),ZIGZAG,2025-11-09
CUST-000342816,Primary(18-24),ZIGZAG,2025-11-09
CUST-000343470,Secondary(25-28),ZIGZAG,2025-11-10
CUST-000343638,Primary(18-24),ZIGZAG,2025-11-10
CUST-000344046,Secondary(25-28),ZIGZAG,2025-11-11
CUST-000344118,Primary(18-24),ZIGZAG,2025-11-11
CUST-000345396,Primary(18-24),ZIGZAG,2025-11-12
CUST-000345753,Primary(18-24),ZIGZAG,2025-11-13
CUST-000346610,Secondary(25-28),ZIGZAG,2025-11-14
CUST-000347076,Primary(18-24),ZIGZAG,2025-11-14
CUST-000348238,Primary(18-24),ZIGZAG,2025-11-15
CUST-000349612,Primary(18-24),ZIGZAG,2025-11-17
CUST-000350486,Primary(18-24),ZIGZAG,2025-11-18
CUST-000350489,Primary(18-24),ZIGZAG,2025-11-18
CUST-000350529,Secondary(25-28),ZIGZAG,2025-11-18
CUST-000350679,Secondary(25-28),ZIGZAG,2025-11-18
CUST-000351170,Primary(18-24),ZIGZAG,2025-11-19
CUST-000351218,Primary(18-24),ZIGZAG,2025-11-19
CUST-000351383,Secondary(25-28),ZIGZAG,2025-11-19
CUST-000351580,Secondary(25-28),ZIGZAG,2025-11-19
CUST-000352097,Primary(18-24),ZIGZAG,2025-11-20
CUST-000352538,Primary(18-24),ZIGZAG,2025-11-20
CUST-000352573,Secondary(25-28),ZIGZAG,2025-11-20
CUST-000352722,Primary(18-24),ZIGZAG,2025-11-20
CUST-000353731,Primary(18-24),ZIGZAG,2025-11-20
CUST-000354685,Primary(18-24),ZIGZAG,2025-11-21
CUST-000355128,Primary(18-24),ZIGZAG,2025-11-21
CUST-000355568,Secondary(25-28),ZIGZAG,2025-11-21
CUST-000355576,Primary(18-24),ZIGZAG,2025-11-21
CUST-000356330,Primary(18-24),ZIGZAG,2025-11-21
CUST-000356428,Primary(18-24),ZIGZAG,2025-11-21
CUST-000356634,Primary(18-24),ZIGZAG,2025-11-21
CUST-000356979,Secondary(25-28),ZIGZAG,2025-11-21
CUST-000358116,Primary(18-24),ZIGZAG,2025-11-22
CUST-000358249,Secondary(25-28),ZIGZAG,2025-11-22
CUST-000358860,Primary(18-24),ZIGZAG,2025-11-22
CUST-000359485,Secondary(25-28),ZIGZAG,2025-11-22
CUST-000359551,Primary(18-24),ZIGZAG,2025-11-22
CUST-000359931,Secondary(25-28),ZIGZAG,2025-11-22
CUST-000360694,Primary(18-24),ZIGZAG,2025-11-23
CUST-000360889,Primary(18-24),ZIGZAG,2025-11-23
CUST-000361021,Primary(18-24),ZIGZAG,2025-11-23
CUST-000361426,Primary(18-24),ZIGZAG,2025-11-23
CUST-000361818,Secondary(25-28),ZIGZAG,2025-11-23
CUST-000362061,Primary(18-24),ZIGZAG,2025-11-23
CUST-000362904,Secondary(25-28),ZIGZAG,2025-11-23
CUST-000364837,Primary(18-24),ZIGZAG,2025-11-24
CUST-000364965,Secondary(25-28),ZIGZAG,2025-11-24
CUST-000365905,Secondary(25-28),ZIGZAG,2025-11-24
CUST-000365967,Primary(18-24),ZIGZAG,2025-11-24
CUST-000366040,Secondary(25-28),ZIGZAG,2025-11-24
CUST-000366172,Primary(18-24),ZIGZAG,2025-11-24
CUST-000366732,Primary(18-24),ZIGZAG,2025-11-25
CUST-000367024,Primary(18-24),ZIGZAG,2025-11-25
CUST-000367054,Primary(18-24),ZIGZAG,2025-11-25
CUST-000367420,Primary(18-24),ZIGZAG,2025-11-25
CUST-000368381,Primary(18-24),ZIGZAG,2025-11-25
CUST-000369073,Secondary(25-28),ZIGZAG,2025-11-25
CUST-000369209,Secondary(25-28),ZIGZAG,2025-11-25
CUST-000369532,Primary(18-24),ZIGZAG,2025-11-26
CUST-000369838,Secondary(25-28),ZIGZAG,2025-11-26
CUST-000369984,Primary(18-24),ZIGZAG,2025-11-26
CUST-000372099,Primary(18-24),ZIGZAG,2025-11-27
CUST-000372815,Secondary(25-28),ZIGZAG,2025-11-27
CUST-000373035,Primary(18-24),ZIGZAG,2025-11-27
CUST-000373153,Primary(18-24),ZIGZAG,2025-11-27
CUST-000373242,Secondary(25-28),ZIGZAG,2025-11-27
CUST-000373449,Primary(18-24),ZIGZAG,2025-11-27
CUST-000373510,Primary(18-24),ZIGZAG,2025-11-27
CUST-000373638,Primary(18-24),ZIGZAG,2025-11-27
CUST-000373642,Primary(18-24),ZIGZAG,2025-11-27
CUST-000373703,Primary(18-24),ZIGZAG,2025-11-27
CUST-000374482,Secondary(25-28),ZIGZAG,2025-11-28
CUST-000374785,Secondary(25-28),ZIGZAG,2025-11-28
CUST-000374792,Primary(18-24),ZIGZAG,2025-11-28
CUST-000374931,Primary(18-24),ZIGZAG,2025-11-28
CUST-000374950,Primary(18-24),ZIGZAG,2025-11-28
CUST-000376119,Primary(18-24),ZIGZAG,2025-11-28
CUST-000376658,Secondary(25-28),ZIGZAG,2025-11-28
CUST-000377091,Secondary(25-28),ZIGZAG,2025-11-29
CUST-000377749,Secondary(25-28),ZIGZAG,2025-11-29
CUST-000378283,Primary(18-24),ZIGZAG,2025-11-29
CUST-000378556,Primary(18-24),ZIGZAG,2025-11-29
CUST-000378964,Primary(18-24),ZIGZAG,2025-11-29
CUST-000379475,Primary(18-24),ZIGZAG,2025-11-29
CUST-000379862,Primary(18-24),ZIGZAG,2025-11-29
CUST-000380448,Primary(18-24),ZIGZAG,2025-11-30
CUST-000380544,Primary(18-24),ZIGZAG,2025-11-30
CUST-000380729,Primary(18-24),ZIGZAG,2025-11-30
CUST-000380962,Primary(18-24),ZIGZAG,2025-11-30
CUST-000381421,Secondary(25-28),ZIGZAG,2025-11-30
CUST-000382360,Primary(18-24),ZIGZAG,2025-11-30
CUST-000382538,Primary(18-24),ZIGZAG,2025-11-30
CUST-000382811,Secondary(25-28),ZIGZAG,2025-11-30
CUST-000382864,Secondary(25-28),ZIGZAG,2025-11-30
CUST-000383053,Secondary(25-28),ZIGZAG,2025-11-30
CUST-000384022,Primary(18-24),ZIGZAG,2025-11-30
CUST-000384136,Secondary(25-28),ZIGZAG,2025-12-01
CUST-000384394,Primary(18-24),ZIGZAG,2025-12-01
CUST-000385008,Secondary(25-28),ZIGZAG,2025-12-02
CUST-000385172,Primary(18-24),ZIGZAG,2025-12-02
CUST-000385184,Primary(18-24),ZIGZAG,2025-12-02
CUST-000385248,Secondary(25-28),ZIGZAG,2025-12-02
CUST-000385674,Primary(18-24),ZIGZAG,2025-12-02
CUST-000385849,Primary(18-24),ZIGZAG,2025-12-03
CUST-000386180,Primary(18-24),ZIGZAG,2025-12-03
CUST-000386287,Primary(18-24),ZIGZAG,2025-12-03
CUST-000386647,Primary(18-24),ZIGZAG,2025-12-04
CUST-000386916,Primary(18-24),ZIGZAG,2025-12-04
CUST-000386944,Primary(18-24),ZIGZAG,2025-12-04
CUST-000388351,Primary(18-24),ZIGZAG,2025-12-06
CUST-000390495,Primary(18-24),ZIGZAG,2025-12-07
CUST-000391612,Secondary(25-28),ZIGZAG,2025-12-09
CUST-000392429,Secondary(25-28),ZIGZAG,2025-12-10
CUST-000393030,Primary(18-24),ZIGZAG,2025-12-10
CUST-000393982,Primary(18-24),ZIGZAG,2025-12-11
CUST-000395690,Primary(18-24),ZIGZAG,2025-12-13
CUST-000398836,Secondary(25-28),ZIGZAG,2025-12-15
CUST-000399026,Primary(18-24),ZIGZAG,2025-12-16
CUST-000399098,Secondary(25-28),ZIGZAG,2025-12-16
CUST-000399148,Primary(18-24),ZIGZAG,2025-12-16
CUST-000399479,Primary(18-24),ZIGZAG,2025-12-16
CUST-000400376,Primary(18-24),ZIGZAG,2025-12-16
CUST-000401332,Secondary(25-28),ZIGZAG,2025-12-17
CUST-000401497,Secondary(25-28),ZIGZAG,2025-12-17
CUST-000401564,Secondary(25-28),ZIGZAG,2025-12-17
CUST-000401890,Primary(18-24),ZIGZAG,2025-12-17
CUST-000404417,Primary(18-24),ZIGZAG,2025-12-19
CUST-000405461,Primary(18-24),ZIGZAG,2025-12-19
CUST-000405719,Primary(18-24),ZIGZAG,2025-12-20
CUST-000405839,Primary(18-24),ZIGZAG,2025-12-20
CUST-000405970,Primary(18-24),ZIGZAG,2025-12-20
CUST-000407427,Primary(18-24),ZIGZAG,2025-12-20
CUST-000407723,Primary(18-24),ZIGZAG,2025-12-20
CUST-000408045,Primary(18-24),ZIGZAG,2025-12-21
CUST-000408515,Secondary(25-28),ZIGZAG,2025-12-21
CUST-000409998,Primary(18-24),ZIGZAG,2025-12-21
CUST-000410517,Primary(18-24),ZIGZAG,2025-12-22
CUST-000410623,Primary(18-24),ZIGZAG,2025-12-22
CUST-000411080,Secondary(25-28),ZIGZAG,2025-12-22
CUST-000411523,Secondary(25-28),ZIGZAG,2025-12-22
CUST-000412078,Primary(18-24),ZIGZAG,2025-12-22
CUST-000412895,Primary(18-24),ZIGZAG,2025-12-23
CUST-000413349,Primary(18-24),ZIGZAG,2025-12-23
CUST-000414720,Primary(18-24),ZIGZAG,2025-12-24
CUST-000415414,Secondary(25-28),ZIGZAG,2025-12-24
CUST-000415430,Primary(18-24),ZIGZAG,2025-12-24
CUST-000415523,Primary(18-24),ZIGZAG,2025-12-25
CUST-000415693,Secondary(25-28),ZIGZAG,2025-12-25
CUST-000415921,Secondary(25-28),ZIGZAG,2025-12-25
CUST-000415986,Secondary(25-28),ZIGZAG,2025-12-25
CUST-000416090,Secondary(25-28),ZIGZAG,2025-12-25
CUST-000416208,Secondary(25-28),ZIGZAG,2025-12-25
CUST-000416731,Primary(18-24),ZIGZAG,2025-12-25
CUST-000417151,Primary(18-24),ZIGZAG,2025-12-26
CUST-000417358,Primary(18-24),ZIGZAG,2025-12-26
CUST-000417507,Secondary(25-28),ZIGZAG,2025-12-26
CUST-000417617,Primary(18-24),ZIGZAG,2025-12-26
CUST-000417882,Primary(18-24),ZIGZAG,2025-12-26
CUST-000418178,Primary(18-24),ZIGZAG,2025-12-26
CUST-000419737,Primary(18-24),ZIGZAG,2025-12-27
CUST-000419886,Secondary(25-28),ZIGZAG,2025-12-27
CUST-000420219,Primary(18-24),ZIGZAG,2025-12-27
CUST-000421715,Primary(18-24),ZIGZAG,2025-12-28
CUST-000421828,Primary(18-24),ZIGZAG,2025-12-28
CUST-000422415,Secondary(25-28),ZIGZAG,2025-12-28
CUST-000422712,Primary(18-24),ZIGZAG,2025-12-28
CUST-000423495,Primary(18-24),ZIGZAG,2025-12-28
CUST-000423809,Secondary(25-28),ZIGZAG,2025-12-29
CUST-000424301,Secondary(25-28),ZIGZAG,2025-12-29
CUST-000424408,Primary(18-24),ZIGZAG,2025-12-29
CUST-000424800,Primary(18-24),ZIGZAG,2025-12-29
CUST-000425450,Primary(18-24),ZIGZAG,2025-12-30
CUST-000425992,Secondary(25-28),ZIGZAG,2025-12-30
CUST-000426286,Primary(18-24),ZIGZAG,2025-12-30
CUST-000427047,Primary(18-24),ZIGZAG,2025-12-31
CUST-000427878,Primary(18-24),ZIGZAG,2025-12-31
CUST-000429151,Secondary(25-28),ZIGZAG,2026-01-01
CUST-000430618,Secondary(25-28),ZIGZAG,2026-01-02
CUST-000430984,Primary(18-24),ZIGZAG,2026-01-02
CUST-000431736,Primary(18-24),ZIGZAG,2026-01-02
CUST-000432225,Secondary(25-28),ZIGZAG,2026-01-03
CUST-000432570,Primary(18-24),ZIGZAG,2026-01-03
CUST-000433019,Secondary(25-28),ZIGZAG,2026-01-03
CUST-000433811,Secondary(25-28),ZIGZAG,2026-01-03
CUST-000433931,Primary(18-24),ZIGZAG,2026-01-03
CUST-000434020,Primary(18-24),ZIGZAG,2026-01-03
CUST-000434159,Secondary(25-28),ZIGZAG,2026-01-03
CUST-000434932,Primary(18-24),ZIGZAG,2026-01-04
CUST-000435253,Primary(18-24),ZIGZAG,2026-01-04
CUST-000435448,Primary(18-24),ZIGZAG,2026-01-04
CUST-000435903,Secondary(25-28),ZIGZAG,2026-01-04
CUST-000436073,Primary(18-24),ZIGZAG,2026-01-04
CUST-000436472,Primary(18-24),ZIGZAG,2026-01-04
CUST-000436473,Secondary(25-28),ZIGZAG,2026-01-04
CUST-000437382,Primary(18-24),ZIGZAG,2026-01-05
CUST-000437417,Primary(18-24),ZIGZAG,2026-01-05
CUST-000437561,Primary(18-24),ZIGZAG,2026-01-05
CUST-000438332,Primary(18-24),ZIGZAG,2026-01-05
CUST-000438741,Primary(18-24),ZIGZAG,2026-01-06
CUST-000438975,Primary(18-24),ZIGZAG,2026-01-06
CUST-000439237,Secondary(25-28),ZIGZAG,2026-01-06
CUST-000439628,Primary(18-24),ZIGZAG,2026-01-06
CUST-000439860,Primary(18-24),ZIGZAG,2026-01-06
CUST-000439944,Secondary(25-28),ZIGZAG,2026-01-06
CUST-000441270,Primary(18-24),ZIGZAG,2026-01-07
CUST-000441531,Secondary(25-28),ZIGZAG,2026-01-07
CUST-000442964,Primary(18-24),ZIGZAG,2026-01-08
CUST-000444126,Secondary(25-28),ZIGZAG,2026-01-09
CUST-000444346,Primary(18-24),ZIGZAG,2026-01-09
CUST-000444735,Primary(18-24),ZIGZAG,2026-01-09
CUST-000445309,Secondary(25-28),ZIGZAG,2026-01-10
CUST-000445854,Primary(18-24),ZIGZAG,2026-01-10
CUST-000446354,Secondary(25-28),ZIGZAG,2026-01-10
CUST-000447252,Primary(18-24),ZIGZAG,2026-01-10
CUST-000449085,Primary(18-24),ZIGZAG,2026-01-11
CUST-000449153,Primary(18-24),ZIGZAG,2026-01-11
CUST-000449389,Primary(18-24),ZIGZAG,2026-01-11
CUST-000449742,Primary(18-24),ZIGZAG,2026-01-11
CUST-000450586,Primary(18-24),ZIGZAG,2026-01-12
CUST-000450739,Primary(18-24),ZIGZAG,2026-01-12
CUST-000451520,Primary(18-24),ZIGZAG,2026-01-12
CUST-000453118,Primary(18-24),ZIGZAG,2026-01-13
CUST-000454323,Primary(18-24),ZIGZAG,2026-01-14
CUST-000454329,Primary(18-24),ZIGZAG,2026-01-14
CUST-000455898,Primary(18-24),ZIGZAG,2026-01-15
CUST-000456062,Primary(18-24),ZIGZAG,2026-01-15
CUST-000456658,Primary(18-24),ZIGZAG,2026-01-15
CUST-000457281,Secondary(25-28),ZIGZAG,2026-01-16
CUST-000457755,Primary(18-24),ZIGZAG,2026-01-17
CUST-000458634,Secondary(25-28),ZIGZAG,2026-01-17
CUST-000460761,Secondary(25-28),ZIGZAG,2026-01-19
CUST-000461053,Primary(18-24),ZIGZAG,2026-01-20
CUST-000461478,Primary(18-24),ZIGZAG,2026-01-20
CUST-000462826,Secondary(25-28),ZIGZAG,2026-01-22
CUST-000463211,Primary(18-24),ZIGZAG,2026-01-22
CUST-000463506,Primary(18-24),ZIGZAG,2026-01-23
CUST-000464075,Primary(18-24),ZIGZAG,2026-01-24
CUST-000464435,Primary(18-24),ZIGZAG,2026-01-24
CUST-000464741,Secondary(25-28),ZIGZAG,2026-01-24
CUST-000465030,Primary(18-24),ZIGZAG,2026-01-24
CUST-000465347,Primary(18-24),ZIGZAG,2026-01-25
CUST-000465543,Primary(18-24),ZIGZAG,2026-01-25
CUST-000465743,Primary(18-24),ZIGZAG,2026-01-25
CUST-000465859,Secondary(25-28),ZIGZAG,2026-01-25
CUST-000466110,Primary(18-24),ZIGZAG,2026-01-25
CUST-000466360,Primary(18-24),ZIGZAG,2026-01-25
CUST-000466667,Primary(18-24),ZIGZAG,2026-01-26
CUST-000467071,Primary(18-24),ZIGZAG,2026-01-26
CUST-000467103,Primary(18-24),ZIGZAG,2026-01-26
CUST-000467505,Primary(18-24),ZIGZAG,2026-01-27
CUST-000468596,Secondary(25-28),ZIGZAG,2026-01-28
CUST-000469300,Secondary(25-28),ZIGZAG,2026-01-29
CUST-000469633,Secondary(25-28),ZIGZAG,2026-01-29
CUST-000469762,Secondary(25-28),ZIGZAG,2026-01-29
CUST-000470240,Primary(18-24),ZIGZAG,2026-01-30
CUST-000472335,Primary(18-24),ZIGZAG,2026-02-01
CUST-000472694,Primary(18-24),ZIGZAG,2026-02-01
CUST-000473097,Primary(18-24),ZIGZAG,2026-02-01
CUST-000473249,Primary(18-24),ZIGZAG,2026-02-02
CUST-000473315,Primary(18-24),ZIGZAG,2026-02-02
CUST-000473415,Primary(18-24),ZIGZAG,2026-02-02
CUST-000473855,Primary(18-24),ZIGZAG,2026-02-02
CUST-000474244,Secondary(25-28),ZIGZAG,2026-02-03
CUST-000474350,Secondary(25-28),ZIGZAG,2026-02-03
CUST-000474509,Primary(18-24),ZIGZAG,2026-02-03
CUST-000474702,Secondary(25-28),ZIGZAG,2026-02-03
CUST-000474886,Secondary(25-28),ZIGZAG,2026-02-04
CUST-000476336,Primary(18-24),ZIGZAG,2026-02-05
CUST-000476463,Primary(18-24),ZIGZAG,2026-02-05
CUST-000476518,Primary(18-24),ZIGZAG,2026-02-06
CUST-000477260,Secondary(25-28),ZIGZAG,2026-02-06
CUST-000477510,Secondary(25-28),ZIGZAG,2026-02-07
CUST-000477996,Primary(18-24),ZIGZAG,2026-02-07
CUST-000478686,Primary(18-24),ZIGZAG,2026-02-08
CUST-000479033,Secondary(25-28),ZIGZAG,2026-02-08
CUST-000479307,Primary(18-24),ZIGZAG,2026-02-08
CUST-000479686,Secondary(25-28),ZIGZAG,2026-02-08
CUST-000479727,Primary(18-24),ZIGZAG,2026-02-08
CUST-000480017,Primary(18-24),ZIGZAG,2026-02-09
CUST-000481467,Primary(18-24),ZIGZAG,2026-02-11
CUST-000481554,Primary(18-24),ZIGZAG,2026-02-11
CUST-000482268,Secondary(25-28),ZIGZAG,2026-02-11
CUST-000483532,Secondary(25-28),ZIGZAG,2026-02-13
CUST-000483583,Primary(18-24),ZIGZAG,2026-02-13
CUST-000483849,Primary(18-24),ZIGZAG,2026-02-13
CUST-000484650,Secondary(25-28),ZIGZAG,2026-02-14
CUST-000484991,Primary(18-24),ZIGZAG,2026-02-14
CUST-000486849,Primary(18-24),ZIGZAG,2026-02-16
CUST-000487163,Primary(18-24),ZIGZAG,2026-02-16
CUST-000487196,Primary(18-24),ZIGZAG,2026-02-17
CUST-000487679,Primary(18-24),ZIGZAG,2026-02-17
CUST-000488325,Primary(18-24),ZIGZAG,2026-02-18
CUST-000489111,Secondary(25-28),ZIGZAG,2026-02-19
CUST-000489267,Primary(18-24),ZIGZAG,2026-02-19
CUST-000489965,Primary(18-24),ZIGZAG,2026-02-20
CUST-000490441,Secondary(25-28),ZIGZAG,2026-02-20
CUST-000490464,Secondary(25-28),ZIGZAG,2026-02-20
CUST-000490849,Secondary(25-28),ZIGZAG,2026-02-21
CUST-000491713,Primary(18-24),ZIGZAG,2026-02-21
CUST-000491988,Primary(18-24),ZIGZAG,2026-02-22
CUST-000492508,Primary(18-24),ZIGZAG,2026-02-22
CUST-000493234,Primary(18-24),ZIGZAG,2026-02-23
CUST-000493416,Primary(18-24),ZIGZAG,2026-02-23
CUST-000494541,Secondary(25-28),ZIGZAG,2026-02-24
CUST-000494736,Primary(18-24),ZIGZAG,2026-02-25
CUST-000495297,Primary(18-24),ZIGZAG,2026-02-25
CUST-000495848,Primary(18-24),ZIGZAG,2026-02-26
CUST-000495872,Primary(18-24),ZIGZAG,2026-02-26
CUST-000496032,Primary(18-24),ZIGZAG,2026-02-26
CUST-000496354,Primary(18-24),ZIGZAG,2026-02-27
CUST-000496415,Secondary(25-28),ZIGZAG,2026-02-27
CUST-000498297,Primary(18-24),ZIGZAG,2026-02-28
CUST-000498570,Secondary(25-28),ZIGZAG,2026-03-01
CUST-000498710,Primary(18-24),ZIGZAG,2026-03-01
CUST-000498753,Primary(18-24),ZIGZAG,2026-03-01
CUST-000499333,Secondary(25-28),ZIGZAG,2026-03-01
CUST-000499588,Primary(18-24),ZIGZAG,2026-03-01
CUST-000499816,Primary(18-24),ZIGZAG,2026-03-01
CUST-000499920,Primary(18-24),ZIGZAG,2026-03-01
CUST-000499932,Secondary(25-28),ZIGZAG,2026-03-01
CUST-000500928,Primary(18-24),ZIGZAG,2026-03-01
CUST-000501017,Primary(18-24),ZIGZAG,2026-03-01
CUST-000501871,Primary(18-24),ZIGZAG,2026-03-01
CUST-000502103,Primary(18-24),ZIGZAG,2026-03-01
CUST-000502641,Secondary(25-28),ZIGZAG,2026-03-01
CUST-000503173,Primary(18-24),ZIGZAG,2026-03-01
CUST-000503587,Primary(18-24),ZIGZAG,2026-03-01
CUST-000503949,Primary(18-24),ZIGZAG,2026-03-02
CUST-000504108,Primary(18-24),ZIGZAG,2026-03-02
CUST-000504194,Primary(18-24),ZIGZAG,2026-03-02
CUST-000505264,Primary(18-24),ZIGZAG,2026-03-02
CUST-000505407,Primary(18-24),ZIGZAG,2026-03-02
CUST-000506521,Primary(18-24),ZIGZAG,2026-03-02
CUST-000506984,Primary(18-24),ZIGZAG,2026-03-02
CUST-000507027,Primary(18-24),ZIGZAG,2026-03-02
CUST-000507166,Primary(18-24),ZIGZAG,2026-03-02
CUST-000507263,Primary(18-24),ZIGZAG,2026-03-02
CUST-000508196,Primary(18-24),ZIGZAG,2026-03-03
CUST-000509543,Primary(18-24),ZIGZAG,2026-03-03
CUST-000509791,Primary(18-24),ZIGZAG,2026-03-03
CUST-000510376,Primary(18-24),ZIGZAG,2026-03-03
CUST-000510400,Primary(18-24),ZIGZAG,2026-03-03
CUST-000511077,Primary(18-24),ZIGZAG,2026-03-03
CUST-000511088,Primary(18-24),ZIGZAG,2026-03-03
CUST-000511658,Primary(18-24),ZIGZAG,2026-03-04
CUST-000512618,Primary(18-24),ZIGZAG,2026-03-04
CUST-000512815,Primary(18-24),ZIGZAG,2026-03-04
CUST-000513173,Secondary(25-28),ZIGZAG,2026-03-04
CUST-000513776,Primary(18-24),ZIGZAG,2026-03-04
CUST-000514620,Primary(18-24),ZIGZAG,2026-03-04
CUST-000514826,Secondary(25-28),ZIGZAG,2026-03-04
CUST-000515279,Secondary(25-28),ZIGZAG,2026-03-05
CUST-000516478,Primary(18-24),ZIGZAG,2026-03-05
CUST-000516522,Primary(18-24),ZIGZAG,2026-03-05
CUST-000516684,Primary(18-24),ZIGZAG,2026-03-05
CUST-000516720,Secondary(25-28),ZIGZAG,2026-03-05
CUST-000516912,Primary(18-24),ZIGZAG,2026-03-05
CUST-000516950,Primary(18-24),ZIGZAG,2026-03-05
CUST-000517371,Primary(18-24),ZIGZAG,2026-03-05
CUST-000517522,Secondary(25-28),ZIGZAG,2026-03-05
CUST-000517734,Secondary(25-28),ZIGZAG,2026-03-05
CUST-000518158,Primary(18-24),ZIGZAG,2026-03-05
CUST-000518242,Primary(18-24),ZIGZAG,2026-03-05
CUST-000520587,Primary(18-24),ZIGZAG,2026-03-06
CUST-000521452,Secondary(25-28),ZIGZAG,2026-03-06
CUST-000521516,Secondary(25-28),ZIGZAG,2026-03-06
CUST-000521816,Primary(18-24),ZIGZAG,2026-03-06
CUST-000521987,Secondary(25-28),ZIGZAG,2026-03-06
CUST-000523121,Secondary(25-28),ZIGZAG,2026-03-07
CUST-000523422,Primary(18-24),ZIGZAG,2026-03-07
CUST-000523636,Secondary(25-28),ZIGZAG,2026-03-07
CUST-000523750,Primary(18-24),ZIGZAG,2026-03-07
CUST-000524114,Secondary(25-28),ZIGZAG,2026-03-07
CUST-000525055,Secondary(25-28),ZIGZAG,2026-03-07
CUST-000525887,Secondary(25-28),ZIGZAG,2026-03-07
CUST-000526545,Primary(18-24),ZIGZAG,2026-03-07
CUST-000526606,Secondary(25-28),ZIGZAG,2026-03-07
CUST-000527312,Primary(18-24),ZIGZAG,2026-03-07
CUST-000527425,Primary(18-24),ZIGZAG,2026-03-07
CUST-000527482,Primary(18-24),ZIGZAG,2026-03-07
CUST-000528082,Secondary(25-28),ZIGZAG,2026-03-07
CUST-000528435,Primary(18-24),ZIGZAG,2026-03-08
CUST-000530146,Primary(18-24),ZIGZAG,2026-03-08
CUST-000531136,Primary(18-24),ZIGZAG,2026-03-08
CUST-000532293,Primary(18-24),ZIGZAG,2026-03-08
CUST-000532434,Secondary(25-28),ZIGZAG,2026-03-08
CUST-000532577,Primary(18-24),ZIGZAG,2026-03-08
CUST-000533020,Secondary(25-28),ZIGZAG,2026-03-08
CUST-000533165,Secondary(25-28),ZIGZAG,2026-03-08
CUST-000534680,Secondary(25-28),ZIGZAG,2026-03-09
CUST-000534784,Primary(18-24),ZIGZAG,2026-03-09
CUST-000534808,Primary(18-24),ZIGZAG,2026-03-09
CUST-000536707,Primary(18-24),ZIGZAG,2026-03-09
CUST-000537154,Primary(18-24),ZIGZAG,2026-03-09
CUST-000537296,Secondary(25-28),ZIGZAG,2026-03-09
CUST-000538036,Secondary(25-28),ZIGZAG,2026-03-10
CUST-000538351,Primary(18-24),ZIGZAG,2026-03-10
CUST-000538456,Primary(18-24),ZIGZAG,2026-03-10
CUST-000538853,Primary(18-24),ZIGZAG,2026-03-10
CUST-000538949,Primary(18-24),ZIGZAG,2026-03-10
CUST-000539317,Primary(18-24),ZIGZAG,2026-03-10
CUST-000540415,Primary(18-24),ZIGZAG,2026-03-10
CUST-000540501,Primary(18-24),ZIGZAG,2026-03-10
CUST-000540791,Secondary(25-28),ZIGZAG,2026-03-10
CUST-000540824,Primary(18-24),ZIGZAG,2026-03-10
CUST-000541956,Primary(18-24),ZIGZAG,2026-03-11
CUST-000542686,Primary(18-24),ZIGZAG,2026-03-11
CUST-000542921,Primary(18-24),ZIGZAG,2026-03-11
CUST-000543337,Primary(18-24),ZIGZAG,2026-03-11
CUST-000543637,Secondary(25-28),ZIGZAG,2026-03-11
CUST-000544298,Primary(18-24),ZIGZAG,2026-03-11
CUST-000544804,Primary(18-24),ZIGZAG,2026-03-12
CUST-000545175,Primary(18-24),ZIGZAG,2026-03-12
CUST-000546967,Secondary(25-28),ZIGZAG,2026-03-12
CUST-000547304,Primary(18-24),ZIGZAG,2026-03-12
CUST-000547339,Primary(18-24),ZIGZAG,2026-03-12
CUST-000549506,Primary(18-24),ZIGZAG,2026-03-13
CUST-000549579,Secondary(25-28),ZIGZAG,2026-03-13
CUST-000549614,Primary(18-24),ZIGZAG,2026-03-13
CUST-000550146,Primary(18-24),ZIGZAG,2026-03-13
CUST-000550337,Primary(18-24),ZIGZAG,2026-03-13
CUST-000550659,Primary(18-24),ZIGZAG,2026-03-13
CUST-000553194,Primary(18-24),ZIGZAG,2026-03-14
CUST-000553226,Secondary(25-28),ZIGZAG,2026-03-14
CUST-000553312,Primary(18-24),ZIGZAG,2026-03-14
CUST-000553677,Secondary(25-28),ZIGZAG,2026-03-14
CUST-000553986,Primary(18-24),ZIGZAG,2026-03-14
CUST-000554122,Primary(18-24),ZIGZAG,2026-03-14
CUST-000555953,Primary(18-24),ZIGZAG,2026-03-14
CUST-000556156,Primary(18-24),ZIGZAG,2026-03-14
CUST-000557717,Secondary(25-28),ZIGZAG,2026-03-15
CUST-000558591,Primary(18-24),ZIGZAG,2026-03-15
CUST-000558592,Primary(18-24),ZIGZAG,2026-03-15
CUST-000559272,Primary(18-24),ZIGZAG,2026-03-15
CUST-000560305,Secondary(25-28),ZIGZAG,2026-03-16
CUST-000560452,Primary(18-24),ZIGZAG,2026-03-16
CUST-000562695,Primary(18-24),ZIGZAG,2026-03-17
CUST-000562999,Secondary(25-28),ZIGZAG,2026-03-18
CUST-000563927,Secondary(25-28),ZIGZAG,2026-03-18
CUST-000564264,Primary(18-24),ZIGZAG,2026-03-18
CUST-000564932,Primary(18-24),ZIGZAG,2026-03-19
CUST-000565250,Primary(18-24),ZIGZAG,2026-03-19
CUST-000565259,Secondary(25-28),ZIGZAG,2026-03-19
CUST-000565285,Primary(18-24),ZIGZAG,2026-03-19
CUST-000565355,Secondary(25-28),ZIGZAG,2026-03-19
CUST-000566942,Primary(18-24),ZIGZAG,2026-03-20
CUST-000568075,Primary(18-24),ZIGZAG,2026-03-21
CUST-000568737,Primary(18-24),ZIGZAG,2026-03-21
CUST-000568763,Primary(18-24),ZIGZAG,2026-03-21
CUST-000568883,Primary(18-24),ZIGZAG,2026-03-21
CUST-000569606,Primary(18-24),ZIGZAG,2026-03-22
CUST-000571694,Secondary(25-28),ZIGZAG,2026-03-23
CUST-000571792,Primary(18-24),ZIGZAG,2026-03-23
CUST-000572135,Primary(18-24),ZIGZAG,2026-03-23
CUST-000572880,Secondary(25-28),ZIGZAG,2026-03-23
CUST-000573446,Primary(18-24),ZIGZAG,2026-03-24
CUST-000573516,Primary(18-24),ZIGZAG,2026-03-24
CUST-000573692,Primary(18-24),ZIGZAG,2026-03-24
CUST-000574259,Secondary(25-28),ZIGZAG,2026-03-24
CUST-000574492,Secondary(25-28),ZIGZAG,2026-03-24
CUST-000574880,Primary(18-24),ZIGZAG,2026-03-25
CUST-000575808,Primary(18-24),ZIGZAG,2026-03-25
CUST-000576389,Primary(18-24),ZIGZAG,2026-03-26
CUST-000577116,Primary(18-24),ZIGZAG,2026-03-26
CUST-000577408,Primary(18-24),ZIGZAG,2026-03-26
CUST-000577472,Primary(18-24),ZIGZAG,2026-03-26
CUST-000577778,Secondary(25-28),ZIGZAG,2026-03-27
CUST-000579284,Primary(18-24),ZIGZAG,2026-03-28
CUST-000580375,Primary(18-24),ZIGZAG,2026-03-28
CUST-000580408,Secondary(25-28),ZIGZAG,2026-03-28
CUST-000581639,Primary(18-24),ZIGZAG,2026-03-29
CUST-000581877,Primary(18-24),ZIGZAG,2026-03-29
CUST-000582563,Primary(18-24),ZIGZAG,2026-03-29
CUST-000582935,Primary(18-24),ZIGZAG,2026-03-29
CUST-000583643,Secondary(25-28),ZIGZAG,2026-03-30
CUST-000583820,Primary(18-24),ZIGZAG,2026-03-30
CUST-000583856,Secondary(25-28),ZIGZAG,2026-03-30
CUST-000584050,Primary(18-24),ZIGZAG,2026-03-30
CUST-000584436,Primary(18-24),ZIGZAG,2026-03-30
CUST-000584736,Primary(18-24),ZIGZAG,2026-03-30
CUST-000584863,Primary(18-24),ZIGZAG,2026-03-30
CUST-000585013,Secondary(25-28),ZIGZAG,2026-03-31
CUST-000585674,Primary(18-24),ZIGZAG,2026-03-31
CUST-000585713,Primary(18-24),ZIGZAG,2026-03-31
CUST-000586119,Primary(18-24),ZIGZAG,2026-03-31
CUST-000586173,Secondary(25-28),ZIGZAG,2026-03-31
CUST-000586202,Primary(18-24),ZIGZAG,2026-03-31
CUST-000586346,Primary(18-24),ZIGZAG,2026-03-31
CUST-000587425,Secondary(25-28),ZIGZAG,2026-04-01
CUST-000587797,Secondary(25-28),ZIGZAG,2026-04-01
CUST-000588017,Secondary(25-28),ZIGZAG,2026-04-02
CUST-000588627,Secondary(25-28),ZIGZAG,2026-04-02
CUST-000588968,Secondary(25-28),ZIGZAG,2026-04-02
CUST-000589002,Primary(18-24),ZIGZAG,2026-04-02
CUST-000589333,Primary(18-24),ZIGZAG,2026-04-03
CUST-000589383,Secondary(25-28),ZIGZAG,2026-04-03
CUST-000589915,Secondary(25-28),ZIGZAG,2026-04-03
CUST-000589989,Primary(18-24),ZIGZAG,2026-04-03
CUST-000591774,Primary(18-24),ZIGZAG,2026-04-04
CUST-000591931,Primary(18-24),ZIGZAG,2026-04-04
CUST-000592345,Primary(18-24),ZIGZAG,2026-04-04
CUST-000592893,Primary(18-24),ZIGZAG,2026-04-04
CUST-000593005,Secondary(25-28),ZIGZAG,2026-04-05
CUST-000593093,Primary(18-24),ZIGZAG,2026-04-05
CUST-000593453,Secondary(25-28),ZIGZAG,2026-04-05
CUST-000593608,Primary(18-24),ZIGZAG,2026-04-05
CUST-000593711,Primary(18-24),ZIGZAG,2026-04-05
CUST-000593840,Primary(18-24),ZIGZAG,2026-04-05
CUST-000594174,Primary(18-24),ZIGZAG,2026-04-05
CUST-000595125,Secondary(25-28),ZIGZAG,2026-04-05
CUST-000595704,Primary(18-24),ZIGZAG,2026-04-06
CUST-000598584,Secondary(25-28),ZIGZAG,2026-04-08
CUST-000598940,Secondary(25-28),ZIGZAG,2026-04-08
CUST-000599742,Primary(18-24),ZIGZAG,2026-04-09
CUST-000599777,Primary(18-24),ZIGZAG,2026-04-09
CUST-000599899,Primary(18-24),ZIGZAG,2026-04-09
CUST-000601094,Primary(18-24),ZIGZAG,2026-04-09
CUST-000601436,Secondary(25-28),ZIGZAG,2026-04-10
CUST-000601957,Primary(18-24),ZIGZAG,2026-04-10
CUST-000602157,Primary(18-24),ZIGZAG,2026-04-10
CUST-000603390,Primary(18-24),ZIGZAG,2026-04-11
CUST-000603520,Primary(18-24),ZIGZAG,2026-04-11
CUST-000603526,Primary(18-24),ZIGZAG,2026-04-11
CUST-000604620,Secondary(25-28),ZIGZAG,2026-04-11
CUST-000604684,Secondary(25-28),ZIGZAG,2026-04-11
CUST-000605651,Primary(18-24),ZIGZAG,2026-04-12
CUST-000606256,Secondary(25-28),ZIGZAG,2026-04-12
CUST-000606566,Primary(18-24),ZIGZAG,2026-04-12
CUST-000606997,Secondary(25-28),ZIGZAG,2026-04-12
CUST-000607803,Secondary(25-28),ZIGZAG,2026-04-13
CUST-000607840,Primary(18-24),ZIGZAG,2026-04-13
CUST-000607846,Primary(18-24),ZIGZAG,2026-04-13
CUST-000609007,Primary(18-24),ZIGZAG,2026-04-14
CUST-000609136,Secondary(25-28),ZIGZAG,2026-04-14
CUST-000609322,Secondary(25-28),ZIGZAG,2026-04-14
CUST-000609354,Primary(18-24),ZIGZAG,2026-04-14
CUST-000609381,Primary(18-24),ZIGZAG,2026-04-14
CUST-000609660,Secondary(25-28),ZIGZAG,2026-04-14
CUST-000609839,Primary(18-24),ZIGZAG,2026-04-14
CUST-000610663,Primary(18-24),ZIGZAG,2026-04-15
CUST-000610768,Primary(18-24),ZIGZAG,2026-04-15
CUST-000611050,Secondary(25-28),ZIGZAG,2026-04-15
CUST-000612508,Secondary(25-28),ZIGZAG,2026-04-16
CUST-000612892,Primary(18-24),ZIGZAG,2026-04-16
CUST-000612988,Secondary(25-28),ZIGZAG,2026-04-16
CUST-000613929,Secondary(25-28),ZIGZAG,2026-04-17
CUST-000614420,Secondary(25-28),ZIGZAG,2026-04-17
CUST-000614734,Primary(18-24),ZIGZAG,2026-04-18
CUST-000614942,Secondary(25-28),ZIGZAG,2026-04-18
CUST-000615187,Primary(18-24),ZIGZAG,2026-04-18
CUST-000615576,Primary(18-24),ZIGZAG,2026-04-18
CUST-000616156,Primary(18-24),ZIGZAG,2026-04-18
CUST-000616405,Primary(18-24),ZIGZAG,2026-04-18
CUST-000617370,Primary(18-24),ZIGZAG,2026-04-19
CUST-000617491,Primary(18-24),ZIGZAG,2026-04-19
CUST-000617840,Primary(18-24),ZIGZAG,2026-04-19
CUST-000618490,Secondary(25-28),ZIGZAG,2026-04-19
CUST-000618779,Primary(18-24),ZIGZAG,2026-04-19
CUST-000618955,Primary(18-24),ZIGZAG,2026-04-19
CUST-000618973,Primary(18-24),ZIGZAG,2026-04-19
CUST-000619218,Primary(18-24),ZIGZAG,2026-04-20
CUST-000620944,Primary(18-24),ZIGZAG,2026-04-21
CUST-000621629,Secondary(25-28),ZIGZAG,2026-04-21
CUST-000622212,Primary(18-24),ZIGZAG,2026-04-22
CUST-000624440,Primary(18-24),ZIGZAG,2026-04-23
CUST-000625090,Secondary(25-28),ZIGZAG,2026-04-24
CUST-000625091,Secondary(25-28),ZIGZAG,2026-04-24
CUST-000625325,Primary(18-24),ZIGZAG,2026-04-24
CUST-000626413,Primary(18-24),ZIGZAG,2026-04-24
CUST-000626647,Primary(18-24),ZIGZAG,2026-04-25
CUST-000626825,Primary(18-24),ZIGZAG,2026-04-25
CUST-000627749,Primary(18-24),ZIGZAG,2026-04-25
CUST-000628187,Secondary(25-28),ZIGZAG,2026-04-25
CUST-000628522,Primary(18-24),ZIGZAG,2026-04-25
CUST-000629622,Primary(18-24),ZIGZAG,2026-04-26
CUST-000631546,Secondary(25-28),ZIGZAG,2026-04-27
CUST-000631704,Secondary(25-28),ZIGZAG,2026-04-27
CUST-000632766,Primary(18-24),ZIGZAG,2026-04-28
CUST-000632808,Primary(18-24),ZIGZAG,2026-04-28
CUST-000633692,Primary(18-24),ZIGZAG,2026-04-28
CUST-000634115,Secondary(25-28),ZIGZAG,2026-04-29
CUST-000636829,Primary(18-24),ZIGZAG,2026-04-30
CUST-000637780,Primary(18-24),ZIGZAG,2026-05-01
CUST-000637782,Secondary(25-28),ZIGZAG,2026-05-01
CUST-000638602,Primary(18-24),ZIGZAG,2026-05-02
CUST-000639201,Primary(18-24),ZIGZAG,2026-05-02
CUST-000639440,Primary(18-24),ZIGZAG,2026-05-02
CUST-000639443,Secondary(25-28),ZIGZAG,2026-05-02
CUST-000639751,Primary(18-24),ZIGZAG,2026-05-02
CUST-000640272,Primary(18-24),ZIGZAG,2026-05-02
CUST-000640938,Primary(18-24),ZIGZAG,2026-05-03
CUST-000641264,Secondary(25-28),ZIGZAG,2026-05-03
CUST-000642123,Primary(18-24),ZIGZAG,2026-05-03
CUST-000642130,Primary(18-24),ZIGZAG,2026-05-03
CUST-000642572,Primary(18-24),ZIGZAG,2026-05-03
CUST-000642592,Secondary(25-28),ZIGZAG,2026-05-03
CUST-000645152,Secondary(25-28),ZIGZAG,2026-05-05
CUST-000645645,Secondary(25-28),ZIGZAG,2026-05-05
CUST-000646008,Primary(18-24),ZIGZAG,2026-05-06
CUST-000646602,Primary(18-24),ZIGZAG,2026-05-06
CUST-000646833,Secondary(25-28),ZIGZAG,2026-05-06
CUST-000647313,Secondary(25-28),ZIGZAG,2026-05-07
CUST-000647452,Primary(18-24),ZIGZAG,2026-05-07
CUST-000647498,Secondary(25-28),ZIGZAG,2026-05-07
CUST-000647606,Primary(18-24),ZIGZAG,2026-05-07
CUST-000647960,Secondary(25-28),ZIGZAG,2026-05-07
CUST-000648294,Primary(18-24),ZIGZAG,2026-05-07
CUST-000649719,Secondary(25-28),ZIGZAG,2026-05-08
CUST-000649825,Primary(18-24),ZIGZAG,2026-05-08
CUST-000649990,Primary(18-24),ZIGZAG,2026-05-08
CUST-000650405,Primary(18-24),ZIGZAG,2026-05-09
CUST-000651207,Secondary(25-28),ZIGZAG,2026-05-09
CUST-000652076,Primary(18-24),ZIGZAG,2026-05-09
CUST-000652208,Primary(18-24),ZIGZAG,2026-05-09
CUST-000652403,Primary(18-24),ZIGZAG,2026-05-10
CUST-000652607,Secondary(25-28),ZIGZAG,2026-05-10
CUST-000652761,Primary(18-24),ZIGZAG,2026-05-10
CUST-000653586,Primary(18-24),ZIGZAG,2026-05-10
CUST-000654682,Primary(18-24),ZIGZAG,2026-05-11
CUST-000655467,Primary(18-24),ZIGZAG,2026-05-11
CUST-000655488,Primary(18-24),ZIGZAG,2026-05-11
CUST-000655857,Primary(18-24),ZIGZAG,2026-05-11
CUST-000656062,Primary(18-24),ZIGZAG,2026-05-12
CUST-000656497,Secondary(25-28),ZIGZAG,2026-05-12
CUST-000657233,Primary(18-24),ZIGZAG,2026-05-12
CUST-000657256,Primary(18-24),ZIGZAG,2026-05-12
CUST-000657990,Primary(18-24),ZIGZAG,2026-05-13
CUST-000658269,Secondary(25-28),ZIGZAG,2026-05-13
CUST-000658755,Primary(18-24),ZIGZAG,2026-05-13
CUST-000658848,Secondary(25-28),ZIGZAG,2026-05-13
CUST-000658859,Primary(18-24),ZIGZAG,2026-05-13
CUST-000660459,Secondary(25-28),ZIGZAG,2026-05-14
CUST-000661394,Primary(18-24),ZIGZAG,2026-05-15
CUST-000661590,Primary(18-24),ZIGZAG,2026-05-15
CUST-000661831,Primary(18-24),ZIGZAG,2026-05-15
CUST-000662144,Primary(18-24),ZIGZAG,2026-05-16
CUST-000663012,Primary(18-24),ZIGZAG,2026-05-16
CUST-000663311,Primary(18-24),ZIGZAG,2026-05-16
CUST-000663464,Primary(18-24),ZIGZAG,2026-05-16
CUST-000663590,Primary(18-24),ZIGZAG,2026-05-16
CUST-000663907,Primary(18-24),ZIGZAG,2026-05-16
CUST-000663973,Secondary(25-28),ZIGZAG,2026-05-16
CUST-000664151,Primary(18-24),ZIGZAG,2026-05-17
CUST-000665828,Secondary(25-28),ZIGZAG,2026-05-17
CUST-000666122,Primary(18-24),ZIGZAG,2026-05-17
CUST-000666501,Primary(18-24),ZIGZAG,2026-05-18
CUST-000666673,Primary(18-24),ZIGZAG,2026-05-18
CUST-000666772,Secondary(25-28),ZIGZAG,2026-05-18
CUST-000667425,Primary(18-24),ZIGZAG,2026-05-18
CUST-000667552,Primary(18-24),ZIGZAG,2026-05-18
CUST-000668004,Secondary(25-28),ZIGZAG,2026-05-19
CUST-000668089,Secondary(25-28),ZIGZAG,2026-05-19
CUST-000668208,Primary(18-24),ZIGZAG,2026-05-19
CUST-000668518,Primary(18-24),ZIGZAG,2026-05-19
CUST-000668598,Primary(18-24),ZIGZAG,2026-05-19
CUST-000668630,Primary(18-24),ZIGZAG,2026-05-19
CUST-000669845,Secondary(25-28),ZIGZAG,2026-05-20
CUST-000670085,Primary(18-24),ZIGZAG,2026-05-20
CUST-000670340,Primary(18-24),ZIGZAG,2026-05-20
CUST-000670405,Primary(18-24),ZIGZAG,2026-05-20
CUST-000671314,Secondary(25-28),ZIGZAG,2026-05-21
CUST-000672325,Primary(18-24),ZIGZAG,2026-05-21
CUST-000674653,Secondary(25-28),ZIGZAG,2026-05-23
CUST-000676805,Secondary(25-28),ZIGZAG,2026-05-24
CUST-000676897,Primary(18-24),ZIGZAG,2026-05-24
CUST-000677079,Primary(18-24),ZIGZAG,2026-05-24
CUST-000677826,Primary(18-24),ZIGZAG,2026-05-24
CUST-000678879,Secondary(25-28),ZIGZAG,2026-05-25
CUST-000680377,Secondary(25-28),ZIGZAG,2026-05-26
CUST-000682315,Primary(18-24),ZIGZAG,2026-05-27
CUST-000682506,Primary(18-24),ZIGZAG,2026-05-27
CUST-000682699,Secondary(25-28),ZIGZAG,2026-05-27
CUST-000683865,Primary(18-24),ZIGZAG,2026-05-28
CUST-000684237,Primary(18-24),ZIGZAG,2026-05-28
CUST-000684460,Secondary(25-28),ZIGZAG,2026-05-28
CUST-000684798,Primary(18-24),ZIGZAG,2026-05-29
CUST-000686132,Primary(18-24),ZIGZAG,2026-05-30
CUST-000687068,Secondary(25-28),ZIGZAG,2026-05-30
CUST-000688270,Primary(18-24),ZIGZAG,2026-05-31
CUST-000689540,Primary(18-24),ZIGZAG,2026-05-31
CUST-000689789,Primary(18-24),ZIGZAG,2026-05-31
CUST-000689863,Primary(18-24),ZIGZAG,2026-05-31
CUST-000689878,Primary(18-24),ZIGZAG,2026-05-31
CUST-000690860,Primary(18-24),ZIGZAG,2026-06-01
CUST-000691380,Secondary(25-28),ZIGZAG,2026-06-01
CUST-000691609,Primary(18-24),ZIGZAG,2026-06-01
CUST-000692002,Primary(18-24),ZIGZAG,2026-06-01
CUST-000692906,Primary(18-24),ZIGZAG,2026-06-02
CUST-000692962,Primary(18-24),ZIGZAG,2026-06-02
CUST-000693015,Primary(18-24),ZIGZAG,2026-06-02
CUST-000693618,Secondary(25-28),ZIGZAG,2026-06-03
CUST-000693748,Primary(18-24),ZIGZAG,2026-06-03
CUST-000694148,Secondary(25-28),ZIGZAG,2026-06-03
CUST-000694232,Primary(18-24),ZIGZAG,2026-06-03
CUST-000694595,Primary(18-24),ZIGZAG,2026-06-03
CUST-000694768,Primary(18-24),ZIGZAG,2026-06-03
CUST-000694826,Primary(18-24),ZIGZAG,2026-06-03
CUST-000695998,Secondary(25-28),ZIGZAG,2026-06-04
CUST-000696190,Secondary(25-28),ZIGZAG,2026-06-04
CUST-000697397,Secondary(25-28),ZIGZAG,2026-06-05
CUST-000698049,Secondary(25-28),ZIGZAG,2026-06-05
CUST-000698087,Primary(18-24),ZIGZAG,2026-06-05
CUST-000699231,Primary(18-24),ZIGZAG,2026-06-06
CUST-000699243,Primary(18-24),ZIGZAG,2026-06-06
CUST-000699762,Secondary(25-28),ZIGZAG,2026-06-06
CUST-000700209,Primary(18-24),ZIGZAG,2026-06-06
CUST-000700542,Primary(18-24),ZIGZAG,2026-06-07
CUST-000701091,Primary(18-24),ZIGZAG,2026-06-07
CUST-000701862,Primary(18-24),ZIGZAG,2026-06-07
CUST-000701870,Secondary(25-28),ZIGZAG,2026-06-07
CUST-000701915,Primary(18-24),ZIGZAG,2026-06-07
CUST-000702403,Primary(18-24),ZIGZAG,2026-06-07
CUST-000702494,Primary(18-24),ZIGZAG,2026-06-07
CUST-000703151,Primary(18-24),ZIGZAG,2026-06-08
CUST-000703271,Primary(18-24),ZIGZAG,2026-06-08
CUST-000703650,Secondary(25-28),ZIGZAG,2026-06-08
CUST-000704181,Primary(18-24),ZIGZAG,2026-06-09
CUST-000704956,Primary(18-24),ZIGZAG,2026-06-09
CUST-000705022,Primary(18-24),ZIGZAG,2026-06-09
CUST-000705491,Primary(18-24),ZIGZAG,2026-06-09
CUST-000705512,Primary(18-24),ZIGZAG,2026-06-09
CUST-000705714,Secondary(25-28),ZIGZAG,2026-06-09
CUST-000706201,Secondary(25-28),ZIGZAG,2026-06-10
CUST-000706215,Primary(18-24),ZIGZAG,2026-06-10
CUST-000706300,Primary(18-24),ZIGZAG,2026-06-10
CUST-000706667,Primary(18-24),ZIGZAG,2026-06-10
CUST-000706819,Primary(18-24),ZIGZAG,2026-06-10
CUST-000707278,Secondary(25-28),ZIGZAG,2026-06-10
CUST-000709106,Primary(18-24),ZIGZAG,2026-06-12
CUST-000709267,Primary(18-24),ZIGZAG,2026-06-12
CUST-000709553,Secondary(25-28),ZIGZAG,2026-06-12
CUST-000709570,Primary(18-24),ZIGZAG,2026-06-12
CUST-000710301,Primary(18-24),ZIGZAG,2026-06-12
CUST-000710714,Primary(18-24),ZIGZAG,2026-06-13
CUST-000710787,Primary(18-24),ZIGZAG,2026-06-13
CUST-000711033,Primary(18-24),ZIGZAG,2026-06-13
CUST-000711247,Primary(18-24),ZIGZAG,2026-06-13
CUST-000711803,Primary(18-24),ZIGZAG,2026-06-13
CUST-000712251,Secondary(25-28),ZIGZAG,2026-06-13
CUST-000712791,Primary(18-24),ZIGZAG,2026-06-14
CUST-000714091,Primary(18-24),ZIGZAG,2026-06-14
CUST-000714250,Secondary(25-28),ZIGZAG,2026-06-14
CUST-000714821,Secondary(25-28),ZIGZAG,2026-06-14
CUST-000716972,Primary(18-24),ZIGZAG,2026-06-16
CUST-000718412,Primary(18-24),ZIGZAG,2026-06-17
CUST-000719787,Primary(18-24),ZIGZAG,2026-06-18
CUST-000719919,Primary(18-24),ZIGZAG,2026-06-18
CUST-000721336,Primary(18-24),ZIGZAG,2026-06-19
CUST-000721427,Primary(18-24),ZIGZAG,2026-06-19
CUST-000721489,Primary(18-24),ZIGZAG,2026-06-19
CUST-000721960,Primary(18-24),ZIGZAG,2026-06-19
CUST-000721972,Primary(18-24),ZIGZAG,2026-06-19
CUST-000722584,Primary(18-24),ZIGZAG,2026-06-19
CUST-000722599,Primary(18-24),ZIGZAG,2026-06-19
CUST-000723028,Primary(18-24),ZIGZAG,2026-06-20
CUST-000723937,Primary(18-24),ZIGZAG,2026-06-20
CUST-000724386,Primary(18-24),ZIGZAG,2026-06-20
CUST-000724721,Primary(18-24),ZIGZAG,2026-06-20
CUST-000725845,Secondary(25-28),ZIGZAG,2026-06-21
CUST-000726174,Primary(18-24),ZIGZAG,2026-06-21
CUST-000726970,Primary(18-24),ZIGZAG,2026-06-21
CUST-000727377,Primary(18-24),ZIGZAG,2026-06-22
CUST-000728027,Secondary(25-28),ZIGZAG,2026-06-22
CUST-000728589,Primary(18-24),ZIGZAG,2026-06-22
CUST-000729143,Primary(18-24),ZIGZAG,2026-06-23
CUST-000729401,Primary(18-24),ZIGZAG,2026-06-23
CUST-000729402,Primary(18-24),ZIGZAG,2026-06-23
CUST-000729861,Primary(18-24),ZIGZAG,2026-06-23
CUST-000730419,Primary(18-24),ZIGZAG,2026-06-24
CUST-000730941,Secondary(25-28),ZIGZAG,2026-06-24
CUST-000731018,Secondary(25-28),ZIGZAG,2026-06-24
CUST-000731022,Primary(18-24),ZIGZAG,2026-06-24
CUST-000731517,Secondary(25-28),ZIGZAG,2026-06-24
CUST-000733137,Primary(18-24),ZIGZAG,2026-06-25
CUST-000733426,Secondary(25-28),ZIGZAG,2026-06-26
CUST-000734197,Secondary(25-28),ZIGZAG,2026-06-26
CUST-000734291,Primary(18-24),ZIGZAG,2026-06-26
CUST-000735075,Primary(18-24),ZIGZAG,2026-06-27
CUST-000735533,Primary(18-24),ZIGZAG,2026-06-27
CUST-000736501,Primary(18-24),ZIGZAG,2026-06-27
CUST-000736559,Secondary(25-28),ZIGZAG,2026-06-27
CUST-000737040,Primary(18-24),ZIGZAG,2026-06-27
CUST-000737280,Primary(18-24),ZIGZAG,2026-06-28
CUST-000737456,Secondary(25-28),ZIGZAG,2026-06-28
CUST-000737653,Primary(18-24),ZIGZAG,2026-06-28
CUST-000737861,Primary(18-24),ZIGZAG,2026-06-28
CUST-000738145,Primary(18-24),ZIGZAG,2026-06-28
CUST-000738416,Primary(18-24),ZIGZAG,2026-06-28
CUST-000739265,Primary(18-24),ZIGZAG,2026-06-28
CUST-000739980,Secondary(25-28),ZIGZAG,2026-06-29
CUST-000740312,Primary(18-24),ZIGZAG,2026-06-29
CUST-000740359,Secondary(25-28),ZIGZAG,2026-06-29
CUST-000740843,Secondary(25-28),ZIGZAG,2026-06-29
CUST-000741158,Primary(18-24),ZIGZAG,2026-06-30
CUST-000741347,Secondary(25-28),ZIGZAG,2026-06-30
CUST-000741774,Primary(18-24),ZIGZAG,2026-06-30
CUST-000742530,Secondary(25-28),ZIGZAG,2026-07-01
CUST-000742592,Secondary(25-28),ZIGZAG,2026-07-01
CUST-000742913,Secondary(25-28),ZIGZAG,2026-07-01
CUST-000743169,Primary(18-24),ZIGZAG,2026-07-01
CUST-000743423,Primary(18-24),ZIGZAG,2026-07-01
CUST-000744713,Primary(18-24),ZIGZAG,2026-07-02
CUST-000745762,Primary(18-24),ZIGZAG,2026-07-03
CUST-000745983,Secondary(25-28),ZIGZAG,2026-07-03
CUST-000746148,Primary(18-24),ZIGZAG,2026-07-03
CUST-000747405,Primary(18-24),ZIGZAG,2026-07-04
CUST-000748071,Secondary(25-28),ZIGZAG,2026-07-04
CUST-000751763,Primary(18-24),ZIGZAG,2026-07-06
CUST-000752209,Secondary(25-28),ZIGZAG,2026-07-06
CUST-000752682,Primary(18-24),ZIGZAG,2026-07-06
CUST-000753555,Primary(18-24),ZIGZAG,2026-07-07
CUST-000756414,Primary(18-24),ZIGZAG,2026-07-09
CUST-000756933,Primary(18-24),ZIGZAG,2026-07-09
CUST-000757166,Primary(18-24),ZIGZAG,2026-07-09
CUST-000757187,Primary(18-24),ZIGZAG,2026-07-09
CUST-000757494,Primary(18-24),ZIGZAG,2026-07-09
CUST-000757865,Primary(18-24),ZIGZAG,2026-07-10
CUST-000758657,Primary(18-24),ZIGZAG,2026-07-10
CUST-000759166,Primary(18-24),ZIGZAG,2026-07-10
CUST-000759282,Primary(18-24),ZIGZAG,2026-07-11
CUST-000761437,Primary(18-24),ZIGZAG,2026-07-11
CUST-000763023,Primary(18-24),ZIGZAG,2026-07-12
CUST-000763157,Primary(18-24),ZIGZAG,2026-07-12
CUST-000764255,Primary(18-24),ZIGZAG,2026-07-13
CUST-000765366,Primary(18-24),ZIGZAG,2026-07-14
CUST-000766211,Primary(18-24),ZIGZAG,2026-07-14
CUST-000766346,Secondary(25-28),ZIGZAG,2026-07-14
CUST-000766445,Primary(18-24),ZIGZAG,2026-07-14
CUST-000766706,Secondary(25-28),ZIGZAG,2026-07-14
CUST-000766852,Secondary(25-28),ZIGZAG,2026-07-15
CUST-000767362,Primary(18-24),ZIGZAG,2026-07-15
CUST-000767662,Primary(18-24),ZIGZAG,2026-07-15
CUST-000767766,Primary(18-24),ZIGZAG,2026-07-15
CUST-000768259,Primary(18-24),ZIGZAG,2026-07-15
CUST-000768326,Secondary(25-28),ZIGZAG,2026-07-15
CUST-000769236,Primary(18-24),ZIGZAG,2026-07-16
CUST-000770976,Primary(18-24),ZIGZAG,2026-07-17
CUST-000772038,Secondary(25-28),ZIGZAG,2026-07-18
CUST-000772047,Primary(18-24),ZIGZAG,2026-07-18
CUST-000772382,Primary(18-24),ZIGZAG,2026-07-18
CUST-000772765,Primary(18-24),ZIGZAG,2026-07-18
CUST-000772929,Secondary(25-28),ZIGZAG,2026-07-18
CUST-000773477,Primary(18-24),ZIGZAG,2026-07-18
CUST-000773635,Primary(18-24),ZIGZAG,2026-07-18
CUST-000774989,Primary(18-24),ZIGZAG,2026-07-19
CUST-000775216,Secondary(25-28),ZIGZAG,2026-07-19
CUST-000775887,Primary(18-24),ZIGZAG,2026-07-19
CUST-000776085,Primary(18-24),ZIGZAG,2026-07-19
CUST-000776925,Primary(18-24),ZIGZAG,2026-07-20
CUST-000777665,Primary(18-24),ZIGZAG,2026-07-21
CUST-000778548,Primary(18-24),ZIGZAG,2026-07-21
CUST-000778844,Primary(18-24),ZIGZAG,2026-07-21
CUST-000779448,Primary(18-24),ZIGZAG,2026-07-22
CUST-000781860,Primary(18-24),ZIGZAG,2026-07-23
CUST-000782233,Secondary(25-28),ZIGZAG,2026-07-23
CUST-000782466,Primary(18-24),ZIGZAG,2026-07-24
CUST-000782820,Secondary(25-28),ZIGZAG,2026-07-24
CUST-000784028,Primary(18-24),ZIGZAG,2026-07-25
CUST-000784060,Primary(18-24),ZIGZAG,2026-07-25
CUST-000785872,Primary(18-24),ZIGZAG,2026-07-25
CUST-000787263,Secondary(25-28),ZIGZAG,2026-07-25
CUST-000788475,Primary(18-24),ZIGZAG,2026-07-25
CUST-000789019,Primary(18-24),ZIGZAG,2026-07-25
CUST-000789350,Secondary(25-28),ZIGZAG,2026-07-25
CUST-000790203,Primary(18-24),ZIGZAG,2026-07-26
CUST-000792936,Secondary(25-28),ZIGZAG,2026-07-26
CUST-000793261,Primary(18-24),ZIGZAG,2026-07-26
CUST-000794214,Secondary(25-28),ZIGZAG,2026-07-26
CUST-000794303,Primary(18-24),ZIGZAG,2026-07-26
CUST-000794553,Secondary(25-28),ZIGZAG,2026-07-26
CUST-000794856,Secondary(25-28),ZIGZAG,2026-07-26
CUST-000795316,Primary(18-24),ZIGZAG,2026-07-27
CUST-000797671,Secondary(25-28),ZIGZAG,2026-07-27
CUST-000797762,Secondary(25-28),ZIGZAG,2026-07-27
CUST-000797864,Secondary(25-28),ZIGZAG,2026-07-27
CUST-000798894,Primary(18-24),ZIGZAG,2026-07-27
CUST-000800412,Primary(18-24),ZIGZAG,2026-07-28
CUST-000802646,Primary(18-24),ZIGZAG,2026-07-28
CUST-000804607,Secondary(25-28),ZIGZAG,2026-07-29
CUST-000804708,Secondary(25-28),ZIGZAG,2026-07-29
CUST-000807711,Primary(18-24),ZIGZAG,2026-07-30
CUST-000809280,Secondary(25-28),ZIGZAG,2026-07-30
CUST-000809516,Primary(18-24),ZIGZAG,2026-07-30
CUST-000811132,Secondary(25-28),ZIGZAG,2026-07-31
CUST-000811909,Primary(18-24),ZIGZAG,2026-07-31
CUST-000811931,Secondary(25-28),ZIGZAG,2026-07-31
CUST-000812815,Primary(18-24),ZIGZAG,2026-07-31
CUST-000813918,Primary(18-24),ZIGZAG,2026-07-31
CUST-000814099,Secondary(25-28),ZIGZAG,2026-07-31
CUST-000814510,Primary(18-24),ZIGZAG,2026-07-31
CUST-000815376,Primary(18-24),ZIGZAG,2026-08-01
CUST-000816309,Primary(18-24),ZIGZAG,2026-08-01
CUST-000816322,Primary(18-24),ZIGZAG,2026-08-01
CUST-000816641,Secondary(25-28),ZIGZAG,2026-08-01
CUST-000817199,Secondary(25-28),ZIGZAG,2026-08-01
CUST-000817361,Primary(18-24),ZIGZAG,2026-08-01
CUST-000817493,Primary(18-24),ZIGZAG,2026-08-01
CUST-000818366,Primary(18-24),ZIGZAG,2026-08-01
CUST-000818548,Primary(18-24),ZIGZAG,2026-08-01
CUST-000818607,Secondary(25-28),ZIGZAG,2026-08-01
CUST-000819001,Secondary(25-28),ZIGZAG,2026-08-01
CUST-000819392,Secondary(25-28),ZIGZAG,2026-08-01
CUST-000819854,Primary(18-24),ZIGZAG,2026-08-01
CUST-000820114,Primary(18-24),ZIGZAG,2026-08-02
CUST-000821755,Primary(18-24),ZIGZAG,2026-08-02
CUST-000822485,Primary(18-24),ZIGZAG,2026-08-02
CUST-000824370,Secondary(25-28),ZIGZAG,2026-08-02
CUST-000824460,Primary(18-24),ZIGZAG,2026-08-02
CUST-000824615,Primary(18-24),ZIGZAG,2026-08-02
CUST-000824635,Primary(18-24),ZIGZAG,2026-08-02
CUST-000824899,Primary(18-24),ZIGZAG,2026-08-02
CUST-000826693,Primary(18-24),ZIGZAG,2026-08-03
CUST-000829180,Primary(18-24),ZIGZAG,2026-08-03
CUST-000829826,Primary(18-24),ZIGZAG,2026-08-04
CUST-000831162,Primary(18-24),ZIGZAG,2026-08-04
CUST-000832583,Primary(18-24),ZIGZAG,2026-08-04
CUST-000832741,Primary(18-24),ZIGZAG,2026-08-04
CUST-000834342,Primary(18-24),ZIGZAG,2026-08-05
CUST-000835236,Primary(18-24),ZIGZAG,2026-08-05
CUST-000836528,Primary(18-24),ZIGZAG,2026-08-05
CUST-000836763,Primary(18-24),ZIGZAG,2026-08-05
CUST-000836859,Primary(18-24),ZIGZAG,2026-08-05
CUST-000837358,Primary(18-24),ZIGZAG,2026-08-06
CUST-000837838,Primary(18-24),ZIGZAG,2026-08-06
CUST-000837847,Primary(18-24),ZIGZAG,2026-08-06
CUST-000839383,Primary(18-24),ZIGZAG,2026-08-06
CUST-000840968,Secondary(25-28),ZIGZAG,2026-08-07
CUST-000841571,Primary(18-24),ZIGZAG,2026-08-07
CUST-000842372,Secondary(25-28),ZIGZAG,2026-08-07
CUST-000842572,Primary(18-24),ZIGZAG,2026-08-07
CUST-000842704,Primary(18-24),ZIGZAG,2026-08-07
CUST-000843385,Primary(18-24),ZIGZAG,2026-08-07
CUST-000843499,Secondary(25-28),ZIGZAG,2026-08-07
CUST-000844177,Primary(18-24),ZIGZAG,2026-08-07
CUST-000845219,Primary(18-24),ZIGZAG,2026-08-08
CUST-000845262,Primary(18-24),ZIGZAG,2026-08-08
CUST-000846084,Secondary(25-28),ZIGZAG,2026-08-08
CUST-000847422,Primary(18-24),ZIGZAG,2026-08-08
CUST-000848089,Secondary(25-28),ZIGZAG,2026-08-08
CUST-000848206,Primary(18-24),ZIGZAG,2026-08-08
CUST-000848312,Secondary(25-28),ZIGZAG,2026-08-08
CUST-000848686,Primary(18-24),ZIGZAG,2026-08-08
CUST-000849332,Primary(18-24),ZIGZAG,2026-08-08
CUST-000849918,Secondary(25-28),ZIGZAG,2026-08-08
CUST-000851887,Secondary(25-28),ZIGZAG,2026-08-09
CUST-000852056,Secondary(25-28),ZIGZAG,2026-08-09
CUST-000852999,Primary(18-24),ZIGZAG,2026-08-09
CUST-000853243,Primary(18-24),ZIGZAG,2026-08-09
CUST-000853714,Secondary(25-28),ZIGZAG,2026-08-09
CUST-000853912,Primary(18-24),ZIGZAG,2026-08-09
CUST-000854404,Primary(18-24),ZIGZAG,2026-08-09
CUST-000854405,Primary(18-24),ZIGZAG,2026-08-09
CUST-000854824,Secondary(25-28),ZIGZAG,2026-08-09
CUST-000855253,Primary(18-24),ZIGZAG,2026-08-09
CUST-000856392,Secondary(25-28),ZIGZAG,2026-08-10
CUST-000857850,Primary(18-24),ZIGZAG,2026-08-10
CUST-000858651,Primary(18-24),ZIGZAG,2026-08-10
CUST-000858967,Secondary(25-28),ZIGZAG,2026-08-10
CUST-000859185,Primary(18-24),ZIGZAG,2026-08-10
CUST-000859595,Primary(18-24),ZIGZAG,2026-08-10
CUST-000859668,Primary(18-24),ZIGZAG,2026-08-10
CUST-000859984,Primary(18-24),ZIGZAG,2026-08-11
CUST-000860919,Primary(18-24),ZIGZAG,2026-08-11
CUST-000861310,Primary(18-24),ZIGZAG,2026-08-12
CUST-000863290,Secondary(25-28),ZIGZAG,2026-08-13
CUST-000863955,Secondary(25-28),ZIGZAG,2026-08-13
CUST-000864811,Primary(18-24),ZIGZAG,2026-08-14
CUST-000864997,Primary(18-24),ZIGZAG,2026-08-14
CUST-000866381,Secondary(25-28),ZIGZAG,2026-08-15
CUST-000867453,Secondary(25-28),ZIGZAG,2026-08-15
CUST-000867456,Primary(18-24),ZIGZAG,2026-08-15
CUST-000867539,Primary(18-24),ZIGZAG,2026-08-15
CUST-000868291,Primary(18-24),ZIGZAG,2026-08-16
CUST-000869153,Primary(18-24),ZIGZAG,2026-08-16
CUST-000870065,Primary(18-24),ZIGZAG,2026-08-16
CUST-000870631,Primary(18-24),ZIGZAG,2026-08-17
CUST-000870848,Secondary(25-28),ZIGZAG,2026-08-17
CUST-000871768,Primary(18-24),ZIGZAG,2026-08-17
CUST-000872873,Primary(18-24),ZIGZAG,2026-08-18
CUST-000874597,Secondary(25-28),ZIGZAG,2026-08-19
CUST-000876288,Secondary(25-28),ZIGZAG,2026-08-20
