order_id,customer_id,channel_id,store_id,order_date,status,total_amount
ORD-000113753,CUST-000079727,ZIGZAG,,2024-12-05T23:02:00,구매확정,88000
ORD-000283052,CUST-000198507,ZIGZAG,,2025-06-11T22:28:00,구매확정,84000
ORD-000805640,CUST-000468933,ZIGZAG,,2026-03-18T09:12:00,구매확정,19000
ORD-000594295,CUST-000416193,ZIGZAG,,2025-12-25T14:19:00,구매확정,88000
ORD-001241957,CUST-000317363,ZIGZAG,,2026-08-16T13:12:00,배송완료,39000
ORD-000797330,CUST-000558489,ZIGZAG,,2026-03-15T08:52:00,구매확정,88000
ORD-000492867,CUST-000224607,ZIGZAG,,2025-11-12T14:54:00,구매확정,137000
ORD-001156827,CUST-000809633,OFFLINE,STORE-02,2026-07-30T22:00:00,배송완료,49000
ORD-001003556,CUST-000702359,ZIGZAG,,2026-06-07T14:12:00,구매확정,107000
ORD-001097989,CUST-000768444,ZIGZAG,,2026-07-16T19:55:00,배송완료,59000
ORD-001132925,CUST-000792804,ZIGZAG,,2026-07-26T11:43:00,배송완료,89000
ORD-000889656,CUST-000622824,ZIGZAG,,2026-04-22T13:12:00,구매확정,49000
ORD-000925229,CUST-000647599,ZIGZAG,,2026-05-07T15:35:00,구매확정,159000
ORD-000605780,CUST-000424177,ZIGZAG,,2025-12-29T16:35:00,구매확정,74000
ORD-000135189,CUST-000094762,ZIGZAG,,2025-01-06T15:35:00,구매확정,88000
ORD-000406980,CUST-000196809,ZIGZAG,,2025-09-08T15:40:00,구매확정,74000
ORD-000345758,CUST-000242278,ZIGZAG,,2025-07-31T08:48:00,구매확정,49000
ORD-000510095,CUST-000357277,ZIGZAG,,2025-11-21T17:36:00,구매확정,89000
ORD-000046221,CUST-000032372,ZIGZAG,,2024-07-17T17:46:00,구매확정,113000
ORD-000521717,CUST-000365432,ZIGZAG,,2025-11-24T09:10:00,구매확정,39000
ORD-000110351,CUST-000077327,ZIGZAG,,2024-11-29T18:43:00,구매확정,39000
ORD-000953906,CUST-000667632,ZIGZAG,,2026-05-18T16:52:00,구매확정,128000
ORD-000839356,CUST-000587762,ZIGZAG,,2026-04-01T16:05:00,구매확정,88000
ORD-000521793,CUST-000300491,ZIGZAG,,2025-11-24T17:56:00,구매확정,39000
ORD-000794393,CUST-000556444,ZIGZAG,,2026-03-14T19:32:00,구매확정,138000
ORD-001174276,CUST-000821806,ZIGZAG,,2026-08-02T11:06:00,배송완료,49000
ORD-000256999,CUST-000180211,ZIGZAG,,2025-05-16T23:55:00,구매확정,39000
ORD-000251778,CUST-000176531,ZIGZAG,,2025-05-11T13:08:00,구매확정,35000
ORD-000460328,CUST-000322451,ZIGZAG,,2025-10-18T20:35:00,구매확정,89000
ORD-000650649,CUST-000455564,ZIGZAG,,2026-01-15T11:55:00,구매확정,39000
ORD-000176260,CUST-000083740,ZIGZAG,,2025-03-07T14:55:00,구매확정,79000
ORD-000090688,CUST-000063438,ZIGZAG,,2024-10-30T14:38:00,구매확정,35000
ORD-000791386,CUST-000554310,ZIGZAG,,2026-03-14T12:49:00,구매확정,49000
ORD-001076197,CUST-000753131,ZIGZAG,,2026-07-07T15:26:00,구매확정,19000
ORD-000303359,CUST-000012671,OFFLINE,STORE-02,2025-06-29T12:46:00,구매확정,35000
ORD-000655166,CUST-000458758,ZIGZAG,,2026-01-17T10:37:00,구매확정,138000
ORD-000329334,CUST-000230903,ZIGZAG,,2025-07-25T14:59:00,구매확정,35000
ORD-000274373,CUST-000048643,ZIGZAG,,2025-06-02T20:13:00,구매확정,49000
ORD-000534058,CUST-000068718,ZIGZAG,,2025-11-27T09:19:00,구매확정,167000
ORD-000464627,CUST-000032167,ZIGZAG,,2025-10-22T18:42:00,구매확정,78000
ORD-000561312,CUST-000393153,ZIGZAG,,2025-12-10T23:30:00,구매확정,49000
ORD-001157071,CUST-000809796,ZIGZAG,,2026-07-30T15:07:00,배송완료,138000
ORD-001226827,CUST-000390137,ZIGZAG,,2026-08-10T23:58:00,배송완료,19000
ORD-000290345,CUST-000089071,ZIGZAG,,2025-06-17T12:42:00,구매확정,74000
ORD-000489211,CUST-000342626,ZIGZAG,,2025-11-09T20:10:00,구매확정,89000
ORD-000712644,CUST-000197211,ZIGZAG,,2026-03-01T09:46:00,구매확정,78000
ORD-000900435,CUST-000630311,ZIGZAG,,2026-04-26T08:07:00,구매확정,74000
ORD-000547028,CUST-000383207,ZIGZAG,,2025-11-30T16:38:00,구매확정,39000
ORD-001184394,CUST-000478498,ZIGZAG,,2026-08-03T13:46:00,배송완료,98000
ORD-000847951,CUST-000593736,ZIGZAG,,2026-04-05T16:47:00,구매확정,108000
ORD-000473338,CUST-000331572,ZIGZAG,,2025-10-28T08:53:00,구매확정,35000
ORD-000882259,CUST-000617718,ZIGZAG,,2026-04-19T14:32:00,구매확정,117000
ORD-000596263,CUST-000168705,ZIGZAG,,2025-12-26T08:11:00,구매확정,35000
ORD-000371073,CUST-000260093,ZIGZAG,,2025-08-10T20:49:00,구매확정,128000
ORD-000824847,CUST-000577610,ZIGZAG,,2026-03-26T10:26:00,구매확정,39000
ORD-000836325,CUST-000585636,ZIGZAG,,2026-03-31T23:25:00,구매확정,123000
ORD-000293735,CUST-000206038,ZIGZAG,,2025-06-21T17:40:00,구매확정,39000
ORD-000486114,CUST-000340496,ZIGZAG,,2025-11-07T13:58:00,구매확정,35000
ORD-000077760,CUST-000054394,ZIGZAG,,2024-09-28T14:11:00,구매확정,35000
ORD-000370906,CUST-000259977,OFFLINE,STORE-02,2025-08-09T20:14:00,구매확정,78000
ORD-000156787,CUST-000109904,ZIGZAG,,2025-02-21T18:03:00,구매확정,35000
ORD-000599655,CUST-000419908,ZIGZAG,,2025-12-27T21:16:00,구매확정,74000
ORD-000411187,CUST-000124531,ZIGZAG,,2025-09-12T13:20:00,구매확정,84000
ORD-001071731,CUST-000131931,ZIGZAG,,2026-07-05T17:23:00,구매확정,39000
ORD-000611911,CUST-000428527,ZIGZAG,,2025-12-31T19:20:00,구매확정,39000
ORD-000708096,CUST-000495872,ZIGZAG,,2026-02-26T14:38:00,구매확정,89000
ORD-000943716,CUST-000660460,ZIGZAG,,2026-05-14T23:06:00,구매확정,39000
ORD-000056102,CUST-000039266,ZIGZAG,,2024-08-04T21:45:00,구매확정,39000
ORD-001069322,CUST-000748337,OFFLINE,STORE-04,2026-07-04T15:34:00,구매확정,19000
ORD-000390369,CUST-000273547,ZIGZAG,,2025-08-26T19:25:00,구매확정,128000
ORD-000307683,CUST-000199723,ZIGZAG,,2025-07-04T21:12:00,구매확정,35000
ORD-000541980,CUST-000142511,ZIGZAG,,2025-11-29T22:11:00,구매확정,39000
ORD-000873149,CUST-000611344,ZIGZAG,,2026-04-15T14:58:00,구매확정,74000
ORD-000259513,CUST-000079999,ZIGZAG,,2025-05-18T08:00:00,구매확정,35000
ORD-000326801,CUST-000229135,ZIGZAG,,2025-07-22T19:42:00,구매확정,39000
ORD-000539201,CUST-000377718,ZIGZAG,,2025-11-29T22:48:00,구매확정,49000
ORD-000195874,CUST-000137347,ZIGZAG,,2025-03-16T09:19:00,구매확정,35000
ORD-000358306,CUST-000251116,ZIGZAG,,2025-08-04T20:00:00,구매확정,89000
ORD-000370677,CUST-000259817,ZIGZAG,,2025-08-09T19:06:00,구매확정,49000
ORD-000344957,CUST-000241734,ZIGZAG,,2025-07-31T12:11:00,구매확정,35000
ORD-000747034,CUST-000523255,ZIGZAG,,2026-03-07T12:56:00,구매확정,19000
ORD-001001422,CUST-000700849,ZIGZAG,,2026-06-07T10:31:00,구매확정,74000
ORD-000261774,CUST-000183569,ZIGZAG,,2025-05-21T12:41:00,구매확정,88000
ORD-001200916,CUST-000840386,ZIGZAG,,2026-08-06T21:57:00,배송완료,39000
ORD-000429959,CUST-000301192,ZIGZAG,,2025-09-26T20:35:00,구매확정,49000
ORD-000495320,CUST-000346912,ZIGZAG,,2025-11-14T23:19:00,구매확정,35000
ORD-001232359,CUST-000862272,ZIGZAG,,2026-08-12T10:48:00,배송완료,35000
ORD-000565440,CUST-000396004,ZIGZAG,,2025-12-13T19:57:00,구매확정,84000
ORD-000495297,CUST-000085324,ZIGZAG,,2025-11-14T21:57:00,구매확정,35000
ORD-000066817,CUST-000046712,ZIGZAG,,2024-08-30T08:49:00,구매확정,113000
ORD-001020321,CUST-000705441,ZIGZAG,,2026-06-14T14:48:00,구매확정,89000
ORD-000329396,CUST-000062015,ZIGZAG,,2025-07-25T23:44:00,구매확정,78000
ORD-000896789,CUST-000240354,ZIGZAG,,2026-04-25T18:39:00,구매확정,49000
ORD-000635703,CUST-000445157,ZIGZAG,,2026-01-09T18:57:00,구매확정,39000
ORD-000600252,CUST-000362835,ZIGZAG,,2025-12-27T18:34:00,구매확정,113000
ORD-000692490,CUST-000250512,ZIGZAG,,2026-02-14T21:51:00,구매확정,49000
ORD-000875642,CUST-000613114,ZIGZAG,,2026-04-16T12:02:00,구매확정,49000
ORD-000982094,CUST-000687387,ZIGZAG,,2026-05-30T15:03:00,구매확정,138000
ORD-000605337,CUST-000423882,ZIGZAG,,2025-12-28T09:25:00,구매확정,84000
ORD-000790860,CUST-000553938,ZIGZAG,,2026-03-14T13:47:00,구매확정,138000
ORD-000320227,CUST-000224512,ZIGZAG,,2025-07-16T17:20:00,구매확정,74000
ORD-000566257,CUST-000396558,ZIGZAG,,2025-12-14T08:35:00,구매확정,39000
ORD-001014073,CUST-000173205,ZIGZAG,,2026-06-12T10:50:00,구매확정,88000
ORD-000872659,CUST-000475074,ZIGZAG,,2026-04-15T23:52:00,구매확정,88000
ORD-001224025,CUST-000856541,ZIGZAG,,2026-08-10T13:17:00,배송완료,39000
ORD-001117847,CUST-000129004,ZIGZAG,,2026-07-24T20:11:00,배송완료,39000
ORD-000714556,CUST-000500427,ZIGZAG,,2026-03-01T09:14:00,구매확정,97000
ORD-001143085,CUST-000799988,ZIGZAG,,2026-07-28T21:43:00,배송완료,35000
ORD-000215981,CUST-000151436,ZIGZAG,,2025-04-05T08:11:00,구매확정,49000
ORD-000649472,CUST-000454735,ZIGZAG,,2026-01-14T11:25:00,구매확정,39000
ORD-000595913,CUST-000417341,ZIGZAG,,2025-12-25T23:21:00,구매확정,88000
ORD-000311417,CUST-000218341,ZIGZAG,,2025-07-07T12:34:00,구매확정,39000
ORD-000616061,CUST-000431503,ZIGZAG,,2026-01-02T17:35:00,구매확정,88000
ORD-001083385,CUST-000640141,ZIGZAG,,2026-07-10T18:30:00,구매확정,78000
ORD-000009471,CUST-000006614,ZIGZAG,,2024-03-14T18:34:00,구매확정,35000
ORD-000675976,CUST-000473391,ZIGZAG,,2026-02-01T11:43:00,구매확정,49000
ORD-000162100,CUST-000113572,ZIGZAG,,2025-03-01T09:00:00,구매확정,49000
ORD-000310966,CUST-000200117,ZIGZAG,,2025-07-07T11:19:00,구매확정,39000
ORD-000798404,CUST-000559210,ZIGZAG,,2026-03-15T22:10:00,구매확정,137000
ORD-000556073,CUST-000389551,ZIGZAG,,2025-12-06T20:31:00,구매확정,78000
ORD-000973147,CUST-000681120,ZIGZAG,,2026-05-26T10:07:00,구매확정,88000
ORD-000015821,CUST-000011075,ZIGZAG,,2024-04-05T17:41:00,구매확정,84000
ORD-000231603,CUST-000162437,ZIGZAG,,2025-04-20T21:44:00,구매확정,89000
ORD-000158811,CUST-000111312,ZIGZAG,,2025-02-25T08:56:00,구매확정,49000
ORD-000842385,CUST-000589863,ZIGZAG,,2026-04-03T18:50:00,구매확정,59000
ORD-000326657,CUST-000179645,ZIGZAG,,2025-07-22T19:36:00,구매확정,123000
ORD-001178809,CUST-000790833,ZIGZAG,,2026-08-02T13:17:00,배송완료,58000
ORD-000568726,CUST-000093604,OFFLINE,STORE-02,2025-12-15T21:35:00,구매확정,39000
ORD-000529297,CUST-000370759,OFFLINE,STORE-03,2025-11-26T10:57:00,구매확정,127000
ORD-000648711,CUST-000454223,ZIGZAG,,2026-01-14T23:41:00,구매확정,217000
ORD-000417956,CUST-000292787,ZIGZAG,,2025-09-17T10:25:00,구매확정,79000
ORD-000583850,CUST-000358313,ZIGZAG,,2025-12-21T13:09:00,구매확정,49000
ORD-001062587,CUST-000743622,ZIGZAG,,2026-07-01T23:06:00,구매확정,74000
ORD-000854880,CUST-000598612,ZIGZAG,,2026-04-08T18:17:00,구매확정,157000
ORD-001186243,CUST-000830162,ZIGZAG,,2026-08-04T19:24:00,배송완료,89000
ORD-000950495,CUST-000177067,ZIGZAG,,2026-05-17T11:50:00,구매확정,39000
ORD-000697107,CUST-000488165,ZIGZAG,,2026-02-17T22:45:00,구매확정,70000
ORD-000886688,CUST-000542724,OFFLINE,STORE-04,2026-04-20T13:27:00,구매확정,35000
ORD-000524556,CUST-000273167,ZIGZAG,,2025-11-25T19:21:00,구매확정,89000
ORD-000520483,CUST-000364582,ZIGZAG,,2025-11-23T13:37:00,구매확정,217000
ORD-000597517,CUST-000320317,ZIGZAG,,2025-12-26T17:09:00,구매확정,74000
ORD-000001376,CUST-000000988,ZIGZAG,,2024-03-02T09:56:00,구매확정,39000
ORD-000737797,CUST-000516806,ZIGZAG,,2026-03-05T19:48:00,구매확정,19000
ORD-000026369,CUST-000018430,ZIGZAG,,2024-05-11T14:28:00,구매확정,84000
ORD-000018686,CUST-000010768,ZIGZAG,,2024-04-14T13:24:00,구매확정,35000
ORD-000208301,CUST-000146046,ZIGZAG,,2025-03-28T20:03:00,구매확정,39000
ORD-000517662,CUST-000362600,ZIGZAG,,2025-11-23T15:17:00,구매확정,49000
ORD-000796294,CUST-000557764,ZIGZAG,,2026-03-14T22:18:00,구매확정,39000
ORD-000406319,CUST-000284701,ZIGZAG,,2025-09-08T16:42:00,구매확정,79000
ORD-000749516,CUST-000525007,ZIGZAG,,2026-03-07T15:11:00,구매확정,93000
ORD-000170288,CUST-000091807,ZIGZAG,,2025-03-04T19:30:00,구매확정,35000
ORD-000687335,CUST-000481304,ZIGZAG,,2026-02-10T17:55:00,구매확정,49000
ORD-000198414,CUST-000139103,ZIGZAG,,2025-03-18T22:15:00,구매확정,35000
ORD-000152227,CUST-000089212,ZIGZAG,,2025-02-09T19:00:00,구매확정,39000
ORD-001012253,CUST-000321019,ZIGZAG,,2026-06-11T21:15:00,구매확정,39000
ORD-000758843,CUST-000531533,ZIGZAG,,2026-03-08T16:18:00,구매확정,59000
ORD-000506774,CUST-000354944,ZIGZAG,,2025-11-21T12:40:00,구매확정,177000
ORD-000622423,CUST-000435939,ZIGZAG,,2026-01-04T23:20:00,구매확정,39000
ORD-001211505,CUST-000847791,ZIGZAG,,2026-08-08T20:53:00,배송완료,19000
ORD-000708929,CUST-000496478,ZIGZAG,,2026-02-26T08:02:00,구매확정,39000
ORD-000151021,CUST-000105851,ZIGZAG,,2025-02-06T13:59:00,구매확정,123000
ORD-000059383,CUST-000035069,ZIGZAG,,2024-08-08T13:19:00,구매확정,98000
ORD-001119743,CUST-000001140,ZIGZAG,,2026-07-24T09:25:00,배송완료,94000
ORD-000389939,CUST-000273250,ZIGZAG,,2025-08-26T19:50:00,구매확정,49000
ORD-001043553,CUST-000730255,ZIGZAG,,2026-06-24T23:59:00,구매확정,35000
ORD-000846771,CUST-000310804,ZIGZAG,,2026-04-04T22:59:00,구매확정,49000
ORD-000678466,CUST-000475110,ZIGZAG,,2026-02-03T23:22:00,구매확정,98000
ORD-000879664,CUST-000615916,ZIGZAG,,2026-04-18T15:34:00,구매확정,39000
ORD-000900053,CUST-000630031,ZIGZAG,,2026-04-26T10:18:00,구매확정,49000
ORD-000850401,CUST-000412135,ZIGZAG,,2026-04-05T10:34:00,구매확정,49000
ORD-001064061,CUST-000744650,ZIGZAG,,2026-07-02T23:51:00,구매확정,267000
ORD-000126876,CUST-000080239,ZIGZAG,,2024-12-27T16:54:00,구매확정,88000
ORD-000597949,CUST-000418738,ZIGZAG,,2025-12-26T13:23:00,구매확정,74000
ORD-000662880,CUST-000464195,ZIGZAG,,2026-01-23T11:43:00,구매확정,49000
ORD-001149854,CUST-000804729,ZIGZAG,,2026-07-29T08:16:00,배송완료,157000
ORD-000441691,CUST-000309397,ZIGZAG,,2025-10-05T17:05:00,구매확정,138000
ORD-000833724,CUST-000583794,ZIGZAG,,2026-03-30T22:45:00,구매확정,137000
ORD-001138362,CUST-000796626,OFFLINE,STORE-02,2026-07-27T15:17:00,배송완료,84000
ORD-001113105,CUST-000779021,ZIGZAG,,2026-07-21T23:18:00,배송완료,35000
ORD-001121438,CUST-000471449,ZIGZAG,,2026-07-25T18:53:00,배송완료,128000
ORD-001025407,CUST-000717535,ZIGZAG,,2026-06-16T17:55:00,구매확정,59000
ORD-000678465,CUST-000346625,ZIGZAG,,2026-02-03T10:19:00,구매확정,98000
ORD-000329504,CUST-000221732,ZIGZAG,,2025-07-25T23:44:00,구매확정,39000
ORD-000122818,CUST-000054769,ZIGZAG,,2024-12-21T16:58:00,구매확정,39000
ORD-000653798,CUST-000321319,ZIGZAG,,2026-01-16T10:49:00,구매확정,89000
ORD-000675384,CUST-000208406,ZIGZAG,,2026-02-01T23:16:00,구매확정,89000
ORD-001244517,CUST-000870768,ZIGZAG,,2026-08-17T12:16:00,배송중,49000
ORD-000055360,CUST-000038741,ZIGZAG,,2024-08-03T15:57:00,구매확정,39000
ORD-000648819,CUST-000283216,ZIGZAG,,2026-01-14T15:44:00,구매확정,49000
ORD-000338437,CUST-000237270,ZIGZAG,,2025-07-28T11:01:00,구매확정,39000
ORD-000326803,CUST-000186185,ZIGZAG,,2025-07-22T11:07:00,구매확정,39000
ORD-000545250,CUST-000381946,ZIGZAG,,2025-11-30T08:41:00,구매확정,39000
ORD-000444071,CUST-000049471,ZIGZAG,,2025-10-06T09:12:00,구매확정,39000
ORD-000296825,CUST-000208198,ZIGZAG,,2025-06-24T19:53:00,구매확정,78000
ORD-001252065,CUST-000659230,ZIGZAG,,2026-08-20T15:08:00,배송중,124000
ORD-001173184,CUST-000821043,ZIGZAG,,2026-08-02T18:49:00,배송완료,89000
ORD-000132605,CUST-000092938,ZIGZAG,,2025-01-03T11:43:00,구매확정,39000
ORD-000450707,CUST-000054672,ZIGZAG,,2025-10-11T18:00:00,구매확정,35000
ORD-000991885,CUST-000694231,ZIGZAG,,2026-06-03T10:41:00,구매확정,78000
ORD-000227721,CUST-000159721,ZIGZAG,,2025-04-17T10:28:00,구매확정,128000
ORD-000504261,CUST-000353189,ZIGZAG,,2025-11-20T08:22:00,구매확정,178000
ORD-000668457,CUST-000357027,ZIGZAG,,2026-01-27T09:45:00,구매확정,89000
ORD-000783081,CUST-000548417,ZIGZAG,,2026-03-12T10:05:00,구매확정,39000
ORD-000882797,CUST-000618102,ZIGZAG,,2026-04-19T11:36:00,구매확정,58000
ORD-000169990,CUST-000119155,ZIGZAG,,2025-03-04T10:41:00,구매확정,89000
ORD-000653344,CUST-000004218,ZIGZAG,,2026-01-16T16:22:00,구매확정,217000
ORD-000680078,CUST-000476266,ZIGZAG,,2026-02-05T23:26:00,구매확정,35000
ORD-000384732,CUST-000269649,ZIGZAG,,2025-08-21T12:00:00,구매확정,74000
ORD-000965058,CUST-000675468,ZIGZAG,,2026-05-23T08:59:00,구매확정,39000
ORD-001143600,CUST-000800337,ZIGZAG,,2026-07-28T20:20:00,배송완료,88000
ORD-001245535,CUST-000871489,ZIGZAG,,2026-08-17T23:09:00,배송중,78000
ORD-000852575,CUST-000596994,ZIGZAG,,2026-04-06T18:13:00,구매확정,19000
ORD-000874838,CUST-000524613,ZIGZAG,,2026-04-16T16:02:00,구매확정,128000
ORD-000151360,CUST-000106089,ZIGZAG,,2025-02-07T19:59:00,구매확정,49000
ORD-001150198,CUST-000804971,ZIGZAG,,2026-07-29T16:40:00,배송완료,39000
ORD-000146669,CUST-000102833,ZIGZAG,,2025-01-26T09:05:00,구매확정,78000
ORD-000897665,CUST-000628402,ZIGZAG,,2026-04-25T13:50:00,구매확정,74000
ORD-000784646,CUST-000549513,ZIGZAG,,2026-03-13T08:01:00,구매확정,35000
ORD-001132099,CUST-000393662,ZIGZAG,,2026-07-26T23:12:00,배송완료,89000
ORD-000457702,CUST-000320606,ZIGZAG,,2025-10-17T18:15:00,구매확정,89000
ORD-000812807,CUST-000329177,OFFLINE,STORE-02,2026-03-21T18:50:00,구매확정,237000
ORD-000614835,CUST-000430626,ZIGZAG,,2026-01-01T19:57:00,구매확정,35000
ORD-000514983,CUST-000360698,ZIGZAG,,2025-11-22T19:34:00,구매확정,35000
ORD-001117110,CUST-000781799,ZIGZAG,,2026-07-23T09:51:00,배송완료,98000
ORD-000388801,CUST-000272458,ZIGZAG,,2025-08-24T19:51:00,구매확정,74000
ORD-000312037,CUST-000218775,ZIGZAG,,2025-07-08T16:08:00,구매확정,49000
ORD-001156047,CUST-000809093,ZIGZAG,,2026-07-30T20:54:00,배송완료,88000
ORD-000537847,CUST-000376751,ZIGZAG,,2025-11-28T15:09:00,구매확정,128000
ORD-000875508,CUST-000613012,ZIGZAG,,2026-04-16T11:44:00,구매확정,39000
ORD-001042506,CUST-000698364,ZIGZAG,,2026-06-23T12:22:00,구매확정,39000
ORD-000156545,CUST-000094635,ZIGZAG,,2025-02-20T14:29:00,구매확정,70000
ORD-001115413,CUST-000515910,ZIGZAG,,2026-07-22T10:29:00,배송완료,39000
ORD-001244408,CUST-000385141,ZIGZAG,,2026-08-17T15:46:00,배송중,88000
ORD-001096400,CUST-000767308,ZIGZAG,,2026-07-15T12:23:00,구매확정,39000
ORD-000601239,CUST-000421007,ZIGZAG,,2025-12-27T16:14:00,구매확정,88000
ORD-000242971,CUST-000170386,ZIGZAG,,2025-05-02T19:17:00,구매확정,35000
ORD-000021071,CUST-000014744,ZIGZAG,,2024-04-23T16:30:00,구매확정,35000
ORD-000562382,CUST-000393905,ZIGZAG,,2025-12-11T20:12:00,구매확정,127000
ORD-001109699,CUST-000776611,ZIGZAG,,2026-07-20T15:14:00,배송완료,59000
ORD-000999626,CUST-000699594,ZIGZAG,,2026-06-06T09:33:00,구매확정,39000
ORD-001229982,CUST-000860638,ZIGZAG,,2026-08-11T12:20:00,배송완료,39000
ORD-001205636,CUST-000843663,ZIGZAG,,2026-08-07T08:32:00,배송완료,39000
ORD-000403869,CUST-000282981,ZIGZAG,,2025-09-06T14:44:00,구매확정,39000
ORD-000356113,CUST-000034375,ZIGZAG,,2025-08-03T20:21:00,구매확정,159000
ORD-001223407,CUST-000856117,ZIGZAG,,2026-08-10T12:30:00,배송완료,39000
ORD-000249995,CUST-000175269,ZIGZAG,,2025-05-09T11:47:00,구매확정,35000
ORD-000524848,CUST-000119493,ZIGZAG,,2025-11-25T12:54:00,구매확정,178000
ORD-000044388,CUST-000024279,ZIGZAG,,2024-07-11T18:44:00,구매확정,113000
ORD-000970132,CUST-000679015,ZIGZAG,,2026-05-25T17:12:00,구매확정,74000
ORD-000532314,CUST-000347907,ZIGZAG,,2025-11-27T15:41:00,구매확정,35000
ORD-000663687,CUST-000464764,ZIGZAG,,2026-01-24T17:32:00,구매확정,98000
ORD-000870824,CUST-000609731,ZIGZAG,,2026-04-14T16:24:00,구매확정,39000
ORD-000948985,CUST-000664140,ZIGZAG,,2026-05-16T12:33:00,구매확정,49000
ORD-000774301,CUST-000542287,ZIGZAG,,2026-03-11T23:22:00,구매확정,157000
ORD-000029596,CUST-000001490,ZIGZAG,,2024-05-23T09:04:00,구매확정,98000
ORD-000290145,CUST-000203552,ZIGZAG,,2025-06-17T21:57:00,구매확정,39000
ORD-000882615,CUST-000250708,ZIGZAG,,2026-04-19T09:19:00,구매확정,89000
ORD-000404399,CUST-000283345,ZIGZAG,,2025-09-07T22:42:00,구매확정,35000
ORD-000839425,CUST-000587808,ZIGZAG,,2026-04-01T19:34:00,구매확정,39000
ORD-000594554,CUST-000416375,ZIGZAG,,2025-12-25T08:58:00,구매확정,78000
ORD-000189391,CUST-000112990,ZIGZAG,,2025-03-12T14:57:00,구매확정,39000
ORD-000515603,CUST-000361158,ZIGZAG,,2025-11-23T15:18:00,구매확정,138000
ORD-001153610,CUST-000235007,ZIGZAG,,2026-07-30T11:00:00,배송완료,74000
ORD-000595891,CUST-000417327,ZIGZAG,,2025-12-25T22:04:00,구매확정,49000
ORD-001066110,CUST-000746076,OFFLINE,STORE-04,2026-07-03T22:02:00,구매확정,124000
ORD-000096746,CUST-000067725,ZIGZAG,,2024-11-14T10:50:00,구매확정,35000
ORD-000965068,CUST-000675475,ZIGZAG,,2026-05-23T20:46:00,구매확정,78000
ORD-001089672,CUST-000059135,ZIGZAG,,2026-07-12T10:55:00,구매확정,59000
ORD-000629282,CUST-000440722,ZIGZAG,,2026-01-07T11:19:00,구매확정,98000
ORD-000319990,CUST-000224346,ZIGZAG,,2025-07-16T13:40:00,구매확정,98000
ORD-000938280,CUST-000656693,OFFLINE,STORE-02,2026-05-12T14:30:00,구매확정,124000
ORD-001198499,CUST-000838713,ZIGZAG,,2026-08-06T11:25:00,배송완료,78000
ORD-000967452,CUST-000677130,ZIGZAG,,2026-05-24T16:16:00,구매확정,178000
ORD-000705425,CUST-000082018,ZIGZAG,,2026-02-23T22:47:00,구매확정,39000
ORD-000689147,CUST-000042562,ZIGZAG,,2026-02-11T23:08:00,구매확정,78000
ORD-000372631,CUST-000261185,ZIGZAG,,2025-08-10T11:15:00,구매확정,78000
ORD-000161093,CUST-000112873,ZIGZAG,,2025-03-01T19:07:00,구매확정,35000
ORD-000460514,CUST-000322587,ZIGZAG,,2025-10-19T13:21:00,구매확정,35000
ORD-001037418,CUST-000725911,OFFLINE,STORE-02,2026-06-21T16:09:00,구매확정,49000
ORD-000748762,CUST-000250073,ZIGZAG,,2026-03-07T10:10:00,구매확정,35000
ORD-000616304,CUST-000431669,ZIGZAG,,2026-01-02T12:30:00,구매확정,78000
ORD-001118171,CUST-000329166,ZIGZAG,,2026-07-24T23:36:00,배송완료,39000
ORD-000321726,CUST-000225563,ZIGZAG,,2025-07-17T10:41:00,구매확정,163000
ORD-000622849,CUST-000348288,ZIGZAG,,2026-01-04T14:33:00,구매확정,39000
ORD-001116725,CUST-000781534,ZIGZAG,,2026-07-23T10:44:00,배송완료,39000
ORD-001194483,CUST-000508453,ZIGZAG,,2026-08-05T22:27:00,배송완료,88000
ORD-001248585,CUST-000873620,ZIGZAG,,2026-08-19T23:21:00,배송중,39000
ORD-000157191,CUST-000072018,ZIGZAG,,2025-02-22T12:18:00,구매확정,123000
ORD-001165644,CUST-000815763,ZIGZAG,,2026-08-01T13:53:00,배송완료,84000
ORD-000429907,CUST-000301151,ZIGZAG,,2025-09-26T08:13:00,구매확정,119000
ORD-000511257,CUST-000358119,ZIGZAG,,2025-11-22T12:22:00,구매확정,120000
ORD-000116139,CUST-000081408,ZIGZAG,,2024-12-11T11:24:00,구매확정,137000
ORD-000898243,CUST-000628781,ZIGZAG,,2026-04-25T12:29:00,구매확정,35000
ORD-000259043,CUST-000143545,ZIGZAG,,2025-05-18T21:17:00,구매확정,39000
ORD-000974622,CUST-000682147,ZIGZAG,,2026-05-27T08:59:00,구매확정,39000
ORD-000812697,CUST-000569147,ZIGZAG,,2026-03-21T13:53:00,구매확정,19000
ORD-000189736,CUST-000133076,ZIGZAG,,2025-03-12T19:03:00,구매확정,213000
ORD-001140887,CUST-000798371,ZIGZAG,,2026-07-27T19:47:00,배송완료,39000
ORD-000456306,CUST-000247887,ZIGZAG,,2025-10-16T09:01:00,구매확정,138000
ORD-000034426,CUST-000024095,ZIGZAG,,2024-06-08T11:14:00,구매확정,84000
ORD-000855492,CUST-000205253,ZIGZAG,,2026-04-08T11:43:00,구매확정,39000
ORD-000202468,CUST-000141953,ZIGZAG,,2025-03-22T08:26:00,구매확정,89000
ORD-000487283,CUST-000341306,ZIGZAG,,2025-11-08T11:46:00,구매확정,35000
ORD-000156822,CUST-000040564,ZIGZAG,,2025-02-21T18:53:00,구매확정,39000
ORD-000577527,CUST-000404453,ZIGZAG,,2025-12-19T13:54:00,구매확정,78000
ORD-001108566,CUST-000775849,ZIGZAG,,2026-07-19T17:14:00,배송완료,49000
ORD-000545346,CUST-000382013,ZIGZAG,,2025-11-30T10:43:00,구매확정,39000
ORD-000278698,CUST-000195448,ZIGZAG,,2025-06-07T10:57:00,구매확정,39000
ORD-000595401,CUST-000240968,ZIGZAG,,2025-12-25T16:57:00,구매확정,49000
ORD-000827696,CUST-000449673,ZIGZAG,,2026-03-28T12:03:00,구매확정,35000
ORD-000543505,CUST-000291140,ZIGZAG,,2025-11-29T20:42:00,구매확정,213000
ORD-000833922,CUST-000583922,ZIGZAG,,2026-03-30T17:08:00,구매확정,39000
ORD-000909246,CUST-000636411,ZIGZAG,,2026-04-30T10:50:00,구매확정,128000
ORD-000904406,CUST-000633058,ZIGZAG,,2026-04-28T15:48:00,구매확정,84000
ORD-000216634,CUST-000149586,ZIGZAG,,2025-04-05T15:53:00,구매확정,119000
ORD-000340128,CUST-000118704,ZIGZAG,,2025-07-28T23:10:00,구매확정,124000
ORD-000367272,CUST-000228698,ZIGZAG,,2025-08-08T19:17:00,구매확정,137000
ORD-000936325,CUST-000655336,ZIGZAG,,2026-05-11T19:59:00,구매확정,89000
ORD-000628595,CUST-000440259,ZIGZAG,,2026-01-06T20:50:00,구매확정,74000
ORD-000331589,CUST-000171020,ZIGZAG,,2025-07-26T21:56:00,구매확정,35000
ORD-000028049,CUST-000019616,ZIGZAG,,2024-05-17T15:55:00,구매확정,88000
ORD-000946825,CUST-000662599,ZIGZAG,,2026-05-16T10:44:00,구매확정,35000
ORD-000098145,CUST-000068705,ZIGZAG,,2024-11-17T18:03:00,구매확정,35000
ORD-001189211,CUST-000788761,ZIGZAG,,2026-08-04T17:14:00,배송완료,49000
ORD-000716875,CUST-000502061,ZIGZAG,,2026-03-01T19:51:00,구매확정,68000
ORD-001212301,CUST-000574736,ZIGZAG,,2026-08-08T19:36:00,배송완료,35000
ORD-000675249,CUST-000334398,ZIGZAG,,2026-02-01T12:27:00,구매확정,113000
ORD-000934098,CUST-000653749,ZIGZAG,,2026-05-10T23:57:00,구매확정,35000
ORD-001070615,CUST-000749215,ZIGZAG,,2026-07-04T11:25:00,구매확정,54000
ORD-000554727,CUST-000388620,ZIGZAG,,2025-12-05T12:16:00,구매확정,49000
ORD-000196844,CUST-000122111,ZIGZAG,,2025-03-16T20:51:00,구매확정,89000
ORD-000860816,CUST-000602801,ZIGZAG,,2026-04-10T12:45:00,구매확정,35000
ORD-000683235,CUST-000478436,ZIGZAG,,2026-02-07T15:44:00,구매확정,39000
ORD-000812134,CUST-000568757,ZIGZAG,,2026-03-21T23:33:00,구매확정,39000
ORD-000141523,CUST-000099185,ZIGZAG,,2025-01-14T09:05:00,구매확정,39000
ORD-001092419,CUST-000202189,ZIGZAG,,2026-07-13T21:56:00,구매확정,39000
ORD-000928105,CUST-000649599,ZIGZAG,,2026-05-08T23:06:00,구매확정,39000
ORD-000983045,CUST-000688061,ZIGZAG,,2026-05-30T20:00:00,구매확정,89000
ORD-000804857,CUST-000467993,ZIGZAG,,2026-03-18T15:52:00,구매확정,177000
ORD-000993931,CUST-000316925,ZIGZAG,,2026-06-04T17:59:00,구매확정,138000
ORD-000653399,CUST-000259850,ZIGZAG,,2026-01-16T23:25:00,구매확정,49000
ORD-001212969,CUST-000848807,ZIGZAG,,2026-08-08T10:48:00,배송완료,49000
ORD-000667694,CUST-000467563,ZIGZAG,,2026-01-26T13:48:00,구매확정,128000
ORD-000206529,CUST-000114241,ZIGZAG,,2025-03-26T22:21:00,구매확정,124000
ORD-000486216,CUST-000340566,ZIGZAG,,2025-11-07T12:09:00,구매확정,39000
ORD-001209413,CUST-000846305,ZIGZAG,,2026-08-08T22:29:00,배송완료,49000
ORD-000722896,CUST-000506256,ZIGZAG,,2026-03-02T14:11:00,구매확정,70000
ORD-000313103,CUST-000164207,ZIGZAG,,2025-07-09T23:16:00,구매확정,39000
ORD-000874016,CUST-000611942,ZIGZAG,,2026-04-15T09:56:00,구매확정,70000
ORD-000374709,CUST-000262626,ZIGZAG,,2025-08-11T13:52:00,구매확정,39000
ORD-000873168,CUST-000611354,ZIGZAG,,2026-04-15T11:18:00,구매확정,19000
ORD-000275821,CUST-000193413,ZIGZAG,,2025-06-04T19:32:00,구매확정,74000
ORD-000448019,CUST-000313866,ZIGZAG,,2025-10-10T20:19:00,구매확정,39000
ORD-000639041,CUST-000447493,OFFLINE,STORE-02,2026-01-10T08:18:00,구매확정,35000
ORD-000046772,CUST-000032748,ZIGZAG,,2024-07-19T21:36:00,구매확정,74000
ORD-000177954,CUST-000037946,ZIGZAG,,2025-03-08T08:50:00,구매확정,35000
ORD-000147758,CUST-000052048,ZIGZAG,,2025-01-29T09:33:00,구매확정,39000
ORD-000903723,CUST-000632585,ZIGZAG,,2026-04-28T18:54:00,구매확정,39000
ORD-001173570,CUST-000821313,OFFLINE,STORE-04,2026-08-02T09:49:00,배송완료,98000
ORD-000327019,CUST-000154930,ZIGZAG,,2025-07-22T09:54:00,구매확정,49000
ORD-001125650,CUST-000244354,ZIGZAG,,2026-07-25T14:13:00,배송완료,98000
ORD-000674056,CUST-000472018,ZIGZAG,,2026-01-31T21:32:00,구매확정,49000
ORD-000729633,CUST-000510994,ZIGZAG,,2026-03-03T22:20:00,구매확정,138000
ORD-001083080,CUST-000738249,ZIGZAG,,2026-07-10T10:55:00,구매확정,49000
ORD-000770690,CUST-000539792,ZIGZAG,,2026-03-10T14:43:00,구매확정,59000
ORD-000542242,CUST-000228873,ZIGZAG,,2025-11-29T20:48:00,구매확정,35000
ORD-000150008,CUST-000046014,ZIGZAG,,2025-02-03T19:48:00,구매확정,39000
ORD-000298197,CUST-000209181,ZIGZAG,,2025-06-25T12:54:00,구매확정,39000
ORD-001099645,CUST-000769605,ZIGZAG,,2026-07-16T15:29:00,배송완료,35000
ORD-000237911,CUST-000029779,ZIGZAG,,2025-04-27T19:12:00,구매확정,177000
ORD-000556313,CUST-000389720,ZIGZAG,,2025-12-06T17:25:00,구매확정,98000
ORD-000888522,CUST-000480524,ZIGZAG,,2026-04-21T08:30:00,구매확정,49000
ORD-000732764,CUST-000513192,ZIGZAG,,2026-03-04T18:11:00,구매확정,35000
ORD-001074621,CUST-000472440,ZIGZAG,,2026-07-06T13:28:00,구매확정,74000
ORD-000085662,CUST-000059933,ZIGZAG,,2024-10-17T08:02:00,구매확정,35000
ORD-000242760,CUST-000170236,ZIGZAG,,2025-05-02T11:37:00,구매확정,39000
ORD-000567215,CUST-000397226,ZIGZAG,,2025-12-14T21:36:00,구매확정,88000
ORD-000255466,CUST-000129671,ZIGZAG,,2025-05-14T20:48:00,구매확정,49000
ORD-001020679,CUST-000714219,ZIGZAG,,2026-06-14T21:25:00,구매확정,89000
ORD-000374017,CUST-000262140,ZIGZAG,,2025-08-10T08:39:00,구매확정,39000
ORD-000902183,CUST-000631506,ZIGZAG,,2026-04-27T18:12:00,구매확정,39000
ORD-001049205,CUST-000734272,ZIGZAG,,2026-06-26T17:52:00,구매확정,39000
ORD-000435478,CUST-000305069,ZIGZAG,,2025-09-30T23:46:00,구매확정,49000
ORD-000898292,CUST-000628811,ZIGZAG,,2026-04-26T10:16:00,구매확정,49000
ORD-000464092,CUST-000106372,ZIGZAG,,2025-10-21T10:02:00,구매확정,39000
ORD-001054278,CUST-000737868,ZIGZAG,,2026-06-28T23:29:00,구매확정,35000
ORD-001058033,CUST-000740446,OFFLINE,STORE-02,2026-06-29T17:46:00,구매확정,70000
ORD-000804707,CUST-000321506,ZIGZAG,,2026-03-18T11:56:00,구매확정,39000
ORD-000966310,CUST-000676340,ZIGZAG,,2026-05-23T12:04:00,구매확정,39000
ORD-001108699,CUST-000775940,ZIGZAG,,2026-07-19T19:47:00,배송완료,39000
ORD-000368820,CUST-000258476,ZIGZAG,,2025-08-09T23:25:00,구매확정,39000
ORD-001072662,CUST-000750651,ZIGZAG,,2026-07-05T13:39:00,구매확정,35000
ORD-000903700,CUST-000632567,ZIGZAG,,2026-04-28T15:18:00,구매확정,70000
ORD-000234773,CUST-000164657,ZIGZAG,,2025-04-24T08:40:00,구매확정,39000
ORD-000396670,CUST-000277964,ZIGZAG,,2025-09-01T18:35:00,구매확정,131000
ORD-000752504,CUST-000101515,ZIGZAG,,2026-03-07T20:00:00,구매확정,104000
ORD-000002100,CUST-000001497,ZIGZAG,,2024-03-03T22:18:00,구매확정,39000
ORD-001158115,CUST-000810530,ZIGZAG,,2026-07-31T21:02:00,배송완료,49000
ORD-000332843,CUST-000233347,ZIGZAG,,2025-07-26T19:39:00,구매확정,49000
ORD-000325279,CUST-000228059,ZIGZAG,,2025-07-20T22:36:00,구매확정,35000
ORD-000279863,CUST-000196276,ZIGZAG,,2025-06-08T10:17:00,구매확정,89000
ORD-000452097,CUST-000316674,ZIGZAG,,2025-10-12T09:31:00,구매확정,89000
ORD-001167679,CUST-000817199,ZIGZAG,,2026-08-01T18:59:00,배송완료,39000
ORD-001133848,CUST-000793442,ZIGZAG,,2026-07-26T21:40:00,배송완료,89000
ORD-000185614,CUST-000091939,ZIGZAG,,2025-03-11T12:26:00,구매확정,123000
ORD-001204561,CUST-000842911,ZIGZAG,,2026-08-07T11:29:00,배송완료,88000
ORD-000887187,CUST-000621136,OFFLINE,STORE-02,2026-04-21T14:43:00,구매확정,74000
ORD-000222356,CUST-000027701,ZIGZAG,,2025-04-11T11:13:00,구매확정,128000
ORD-000273542,CUST-000191821,OFFLINE,STORE-02,2025-06-01T14:53:00,구매확정,35000
ORD-001179329,CUST-000825354,ZIGZAG,,2026-08-02T20:42:00,배송완료,78000
ORD-000269841,CUST-000071659,ZIGZAG,,2025-05-29T19:12:00,구매확정,159000
ORD-000417634,CUST-000292558,ZIGZAG,,2025-09-17T12:27:00,구매확정,49000
ORD-000828065,CUST-000579839,ZIGZAG,,2026-03-28T18:32:00,구매확정,35000
ORD-000302776,CUST-000212328,ZIGZAG,,2025-06-29T23:20:00,구매확정,49000
ORD-000996680,CUST-000666802,ZIGZAG,,2026-06-05T23:36:00,구매확정,59000
ORD-000393913,CUST-000146349,ZIGZAG,,2025-08-30T22:53:00,구매확정,39000
ORD-000744970,CUST-000521830,ZIGZAG,,2026-03-06T21:16:00,구매확정,35000
ORD-000154225,CUST-000108080,ZIGZAG,,2025-02-14T11:41:00,구매확정,84000
ORD-000117075,CUST-000082060,ZIGZAG,,2024-12-14T21:08:00,구매확정,49000
ORD-001117980,CUST-000782422,ZIGZAG,,2026-07-24T15:00:00,배송완료,39000
ORD-000535664,CUST-000304178,ZIGZAG,,2025-11-28T19:40:00,구매확정,78000
ORD-000176485,CUST-000123802,ZIGZAG,,2025-03-07T10:12:00,구매확정,39000
ORD-000364176,CUST-000255237,ZIGZAG,,2025-08-07T08:20:00,구매확정,39000
ORD-000520794,CUST-000364781,ZIGZAG,,2025-11-24T19:41:00,구매확정,39000
ORD-000018058,CUST-000000806,ZIGZAG,,2024-04-12T19:59:00,구매확정,84000
ORD-000182667,CUST-000128083,ZIGZAG,,2025-03-09T11:21:00,구매확정,49000
ORD-000583404,CUST-000087166,ZIGZAG,,2025-12-21T21:14:00,구매확정,128000
ORD-000066969,CUST-000046823,ZIGZAG,,2024-08-31T23:36:00,구매확정,74000
ORD-000129118,CUST-000042210,ZIGZAG,,2024-12-29T10:13:00,구매확정,49000
ORD-000252721,CUST-000177197,ZIGZAG,,2025-05-11T23:28:00,구매확정,123000
ORD-000387362,CUST-000271433,ZIGZAG,,2025-08-23T15:23:00,구매확정,39000
ORD-001247483,CUST-000255675,ZIGZAG,,2026-08-18T18:05:00,배송중,98000
ORD-000921731,CUST-000273779,ZIGZAG,,2026-05-05T09:48:00,구매확정,70000
ORD-000968499,CUST-000197826,ZIGZAG,,2026-05-24T19:24:00,구매확정,147000
ORD-000452581,CUST-000317016,ZIGZAG,,2025-10-12T11:20:00,구매확정,187000
ORD-000959088,CUST-000035688,ZIGZAG,,2026-05-21T11:10:00,구매확정,35000
ORD-001225238,CUST-000857387,ZIGZAG,,2026-08-10T15:53:00,배송완료,19000
ORD-000151875,CUST-000106435,ZIGZAG,,2025-02-08T20:01:00,구매확정,49000
ORD-000792822,CUST-000555328,ZIGZAG,,2026-03-14T09:12:00,구매확정,49000
ORD-000255792,CUST-000179355,ZIGZAG,,2025-05-15T23:04:00,구매확정,123000
ORD-000514525,CUST-000360369,ZIGZAG,,2025-11-22T14:22:00,구매확정,35000
ORD-000493635,CUST-000314348,ZIGZAG,,2025-11-12T09:11:00,구매확정,39000
ORD-000001131,CUST-000000555,ZIGZAG,,2024-03-02T13:16:00,구매확정,88000
ORD-000782379,CUST-000547934,ZIGZAG,,2026-03-12T14:47:00,구매확정,35000
ORD-000917482,CUST-000569534,ZIGZAG,,2026-05-03T20:28:00,구매확정,138000
ORD-000191507,CUST-000134316,ZIGZAG,,2025-03-13T09:20:00,구매확정,128000
ORD-001104712,CUST-000022433,ZIGZAG,,2026-07-18T20:44:00,배송완료,88000
ORD-001053569,CUST-000737339,ZIGZAG,,2026-06-28T22:31:00,구매확정,74000
ORD-000117072,CUST-000039882,ZIGZAG,,2024-12-14T20:03:00,구매확정,39000
ORD-001102034,CUST-000771287,ZIGZAG,,2026-07-17T13:27:00,배송완료,88000
ORD-000771960,CUST-000540636,ZIGZAG,,2026-03-10T18:10:00,구매확정,35000
ORD-000989947,CUST-000692880,ZIGZAG,,2026-06-02T22:59:00,구매확정,39000
ORD-001147818,CUST-000262353,ZIGZAG,,2026-07-29T10:26:00,배송완료,39000
ORD-000532670,CUST-000373128,ZIGZAG,,2025-11-27T10:25:00,구매확정,124000
ORD-000705473,CUST-000494033,ZIGZAG,,2026-02-23T16:12:00,구매확정,39000
ORD-001057958,CUST-000740387,ZIGZAG,,2026-06-29T19:19:00,구매확정,88000
ORD-000773629,CUST-000541811,OFFLINE,STORE-02,2026-03-11T15:29:00,구매확정,39000
ORD-000148080,CUST-000048509,ZIGZAG,,2025-01-30T13:58:00,구매확정,70000
ORD-000278498,CUST-000195305,ZIGZAG,,2025-06-07T14:32:00,구매확정,167000
ORD-000915362,CUST-000640718,ZIGZAG,,2026-05-03T08:16:00,구매확정,35000
ORD-001047132,CUST-000732791,ZIGZAG,,2026-06-25T13:41:00,구매확정,39000
ORD-000574307,CUST-000402190,ZIGZAG,,2025-12-17T10:45:00,구매확정,78000
ORD-000844160,CUST-000591106,ZIGZAG,,2026-04-04T13:52:00,구매확정,138000
ORD-000932108,CUST-000652346,ZIGZAG,,2026-05-09T22:02:00,구매확정,173000
ORD-001134357,CUST-000793785,ZIGZAG,,2026-07-26T21:05:00,배송완료,84000
ORD-001157831,CUST-000810336,ZIGZAG,,2026-07-30T15:40:00,배송완료,39000
ORD-000682394,CUST-000183641,ZIGZAG,,2026-02-07T21:43:00,구매확정,39000
ORD-000092519,CUST-000064765,ZIGZAG,,2024-11-03T20:33:00,구매확정,39000
ORD-000303117,CUST-000212558,ZIGZAG,,2025-06-29T09:51:00,구매확정,88000
ORD-000068385,CUST-000047813,ZIGZAG,,2024-09-03T10:56:00,구매확정,35000
ORD-001036799,CUST-000725480,ZIGZAG,,2026-06-21T22:54:00,구매확정,84000
ORD-000408122,CUST-000285953,ZIGZAG,,2025-09-09T15:35:00,구매확정,109000
ORD-000674015,CUST-000471984,ZIGZAG,,2026-01-31T09:40:00,구매확정,98000
ORD-000184684,CUST-000129526,ZIGZAG,,2025-03-10T14:22:00,구매확정,74000
ORD-000073099,CUST-000009666,ZIGZAG,,2024-09-15T18:03:00,구매확정,88000
ORD-000874367,CUST-000612191,ZIGZAG,,2026-04-16T22:53:00,구매확정,78000
ORD-000736505,CUST-000515884,ZIGZAG,,2026-03-05T23:42:00,구매확정,69000
ORD-000333087,CUST-000233514,ZIGZAG,,2025-07-26T14:38:00,구매확정,35000
ORD-000153530,CUST-000107585,ZIGZAG,,2025-02-12T10:14:00,구매확정,49000
ORD-000707428,CUST-000495399,OFFLINE,STORE-02,2026-02-25T14:41:00,구매확정,35000
ORD-000275659,CUST-000185733,ZIGZAG,,2025-06-03T17:20:00,구매확정,35000
ORD-000991903,CUST-000494322,ZIGZAG,,2026-06-03T13:51:00,구매확정,58000
ORD-000098579,CUST-000069009,ZIGZAG,,2024-11-18T23:36:00,구매확정,70000
ORD-000824188,CUST-000577156,ZIGZAG,,2026-03-26T17:08:00,구매확정,49000
ORD-001155782,CUST-000709811,ZIGZAG,,2026-07-30T22:10:00,배송완료,35000
ORD-000672094,CUST-000047573,ZIGZAG,,2026-01-30T13:12:00,구매확정,35000
ORD-000343267,CUST-000240581,ZIGZAG,,2025-07-30T17:22:00,구매확정,39000
ORD-000280152,CUST-000188426,ZIGZAG,,2025-06-08T20:14:00,구매확정,89000
ORD-000866477,CUST-000231596,ZIGZAG,,2026-04-12T20:57:00,구매확정,98000
ORD-000309507,CUST-000147112,ZIGZAG,,2025-07-06T13:40:00,구매확정,89000
ORD-000609750,CUST-000426988,ZIGZAG,,2025-12-30T23:59:00,구매확정,39000
ORD-000274126,CUST-000192236,ZIGZAG,,2025-06-02T16:44:00,구매확정,74000
ORD-000927428,CUST-000649134,ZIGZAG,,2026-05-08T18:06:00,구매확정,88000
ORD-001218949,CUST-000811189,ZIGZAG,,2026-08-09T12:15:00,배송완료,49000
ORD-000365292,CUST-000256034,ZIGZAG,,2025-08-07T15:50:00,구매확정,39000
ORD-000411168,CUST-000068081,ZIGZAG,,2025-09-12T23:32:00,구매확정,39000
ORD-000889965,CUST-000412104,ZIGZAG,,2026-04-22T11:34:00,구매확정,35000
ORD-001007588,CUST-000580777,ZIGZAG,,2026-06-09T13:53:00,구매확정,49000
ORD-000436121,CUST-000305514,ZIGZAG,,2025-09-30T13:45:00,구매확정,39000
ORD-000529088,CUST-000370626,ZIGZAG,,2025-11-26T19:27:00,구매확정,89000
