sku_code,available_qty,reserved_qty,defective_qty,pending_return_qty,safety_stock,reorder_point,last_updated
NQ-TOP-001-XS-BLK,2669,0,0,4,720,1440,2026-08-09T00:00:00
NQ-TOP-001-XS-WHT,2688,0,0,4,720,1440,2026-08-09T00:00:00
NQ-TOP-001-XS-GRY,2651,0,0,10,720,1440,2026-08-09T00:00:00
NQ-TOP-001-XS-NVY,2645,0,0,3,720,1440,2026-08-09T00:00:00
NQ-TOP-001-XS-ORC,2659,0,0,4,720,1440,2026-08-09T00:00:00
NQ-TOP-001-XS-SKB,2677,0,0,4,720,1440,2026-08-09T00:00:00
NQ-TOP-001-XS-LYL,2603,0,0,9,720,1440,2026-08-09T00:00:00
NQ-TOP-001-S-BLK,1228,0,0,11,720,1440,2026-08-09T00:00:00
NQ-TOP-001-S-WHT,2852,0,0,14,720,1440,2026-08-09T00:00:00
NQ-TOP-001-S-GRY,1352,0,0,22,720,1440,2026-08-09T00:00:00
NQ-TOP-001-S-NVY,1713,0,0,10,720,1440,2026-08-09T00:00:00
NQ-TOP-001-S-ORC,1432,0,0,13,720,1440,2026-08-09T00:00:00
NQ-TOP-001-S-SKB,2923,0,0,15,720,1440,2026-08-09T00:00:00
NQ-TOP-001-S-LYL,1433,0,0,15,720,1440,2026-08-09T00:00:00
NQ-TOP-001-M-BLK,1615,0,0,26,720,1440,2026-08-09T00:00:00
NQ-TOP-001-M-WHT,1575,0,0,18,720,1440,2026-08-09T00:00:00
NQ-TOP-001-M-GRY,2139,0,0,13,720,1440,2026-08-09T00:00:00
NQ-TOP-001-M-NVY,1574,0,0,22,720,1440,2026-08-09T00:00:00
NQ-TOP-001-M-ORC,1627,0,0,10,720,1440,2026-08-09T00:00:00
NQ-TOP-001-M-SKB,1695,0,0,26,720,1440,2026-08-09T00:00:00
NQ-TOP-001-M-LYL,1658,0,0,20,720,1440,2026-08-09T00:00:00
NQ-TOP-001-L-BLK,1595,0,0,18,720,1440,2026-08-09T00:00:00
NQ-TOP-001-L-WHT,2297,0,0,25,720,1440,2026-08-09T00:00:00
NQ-TOP-001-L-GRY,1603,0,0,29,720,1440,2026-08-09T00:00:00
NQ-TOP-001-L-NVY,1620,0,0,17,720,1440,2026-08-09T00:00:00
NQ-TOP-001-L-ORC,1551,0,0,22,720,1440,2026-08-09T00:00:00
NQ-TOP-001-L-SKB,1632,0,0,14,720,1440,2026-08-09T00:00:00
NQ-TOP-001-L-LYL,1592,0,0,25,720,1440,2026-08-09T00:00:00
NQ-TOP-001-XL-BLK,2753,0,0,10,720,1440,2026-08-09T00:00:00
NQ-TOP-001-XL-WHT,2412,0,0,17,720,1440,2026-08-09T00:00:00
NQ-TOP-001-XL-GRY,2491,0,0,13,720,1440,2026-08-09T00:00:00
NQ-TOP-001-XL-NVY,2339,0,0,21,720,1440,2026-08-09T00:00:00
NQ-TOP-001-XL-ORC,2534,0,0,13,720,1440,2026-08-09T00:00:00
NQ-TOP-001-XL-SKB,2464,0,0,11,720,1440,2026-08-09T00:00:00
NQ-TOP-001-XL-LYL,2504,0,0,12,720,1440,2026-08-09T00:00:00
NQ-TOP-001-2XL-BLK,1977,0,0,10,720,1440,2026-08-09T00:00:00
NQ-TOP-001-2XL-WHT,1989,0,0,10,720,1440,2026-08-09T00:00:00
NQ-TOP-001-2XL-GRY,2033,0,0,6,720,1440,2026-08-09T00:00:00
NQ-TOP-001-2XL-NVY,2024,0,0,6,720,1440,2026-08-09T00:00:00
NQ-TOP-001-2XL-ORC,1982,0,0,9,720,1440,2026-08-09T00:00:00
NQ-TOP-001-2XL-SKB,2172,0,0,7,720,1440,2026-08-09T00:00:00
NQ-TOP-001-2XL-LYL,2131,0,0,9,720,1440,2026-08-09T00:00:00
NQ-TOP-001-3XL-BLK,1796,0,0,10,720,1440,2026-08-09T00:00:00
NQ-TOP-001-3XL-WHT,1974,0,0,7,720,1440,2026-08-09T00:00:00
NQ-TOP-001-3XL-GRY,1966,0,0,4,720,1440,2026-08-09T00:00:00
NQ-TOP-001-3XL-NVY,1761,0,0,5,720,1440,2026-08-09T00:00:00
NQ-TOP-001-3XL-ORC,1684,0,0,1,720,1440,2026-08-09T00:00:00
NQ-TOP-001-3XL-SKB,1771,0,0,6,720,1440,2026-08-09T00:00:00
NQ-TOP-001-3XL-LYL,1788,0,0,3,720,1440,2026-08-09T00:00:00
NQ-TOP-001-4XL-BLK,2117,0,0,3,720,1440,2026-08-09T00:00:00
NQ-TOP-001-4XL-WHT,2191,0,0,4,720,1440,2026-08-09T00:00:00
NQ-TOP-001-4XL-GRY,2110,0,0,3,720,1440,2026-08-09T00:00:00
NQ-TOP-001-4XL-NVY,2142,0,0,3,720,1440,2026-08-09T00:00:00
NQ-TOP-001-4XL-ORC,2128,0,0,5,720,1440,2026-08-09T00:00:00
NQ-TOP-001-4XL-SKB,2157,0,0,7,720,1440,2026-08-09T00:00:00
NQ-TOP-001-4XL-LYL,2133,0,0,4,720,1440,2026-08-09T00:00:00
NQ-TOP-002-XS-BLK,745,0,0,2,240,480,2026-08-09T00:00:00
NQ-TOP-002-XS-WHT,857,0,0,1,240,480,2026-08-09T00:00:00
NQ-TOP-002-XS-GRY,847,0,0,3,240,480,2026-08-09T00:00:00
NQ-TOP-002-XS-NVY,888,0,0,0,240,480,2026-08-09T00:00:00
NQ-TOP-002-S-BLK,928,0,0,2,240,480,2026-08-09T00:00:00
NQ-TOP-002-S-WHT,966,0,0,3,240,480,2026-08-09T00:00:00
NQ-TOP-002-S-GRY,417,0,0,3,240,480,2026-08-09T00:00:00
NQ-TOP-002-S-NVY,537,0,0,5,240,480,2026-08-09T00:00:00
NQ-TOP-002-M-BLK,802,0,0,6,240,480,2026-08-09T00:00:00
NQ-TOP-002-M-WHT,557,0,0,4,240,480,2026-08-09T00:00:00
NQ-TOP-002-M-GRY,542,0,0,12,240,480,2026-08-09T00:00:00
NQ-TOP-002-M-NVY,513,0,0,9,240,480,2026-08-09T00:00:00
NQ-TOP-002-L-BLK,549,0,0,10,240,480,2026-08-09T00:00:00
NQ-TOP-002-L-WHT,557,0,0,3,240,480,2026-08-09T00:00:00
NQ-TOP-002-L-GRY,539,0,0,7,240,480,2026-08-09T00:00:00
NQ-TOP-002-L-NVY,709,0,0,8,240,480,2026-08-09T00:00:00
NQ-TOP-002-XL-BLK,802,0,0,4,240,480,2026-08-09T00:00:00
NQ-TOP-002-XL-WHT,847,0,0,5,240,480,2026-08-09T00:00:00
NQ-TOP-002-XL-GRY,839,0,0,2,240,480,2026-08-09T00:00:00
NQ-TOP-002-XL-NVY,882,0,0,6,240,480,2026-08-09T00:00:00
NQ-TOP-002-2XL-BLK,723,0,0,2,240,480,2026-08-09T00:00:00
NQ-TOP-002-2XL-WHT,745,0,0,3,240,480,2026-08-09T00:00:00
NQ-TOP-002-2XL-GRY,752,0,0,3,240,480,2026-08-09T00:00:00
NQ-TOP-002-2XL-NVY,681,0,0,4,240,480,2026-08-09T00:00:00
NQ-TOP-002-3XL-BLK,615,0,0,3,240,480,2026-08-09T00:00:00
NQ-TOP-002-3XL-WHT,620,0,0,3,240,480,2026-08-09T00:00:00
NQ-TOP-002-3XL-GRY,697,0,0,0,240,480,2026-08-09T00:00:00
NQ-TOP-002-3XL-NVY,595,0,0,1,240,480,2026-08-09T00:00:00
NQ-TOP-002-4XL-BLK,715,0,0,0,240,480,2026-08-09T00:00:00
NQ-TOP-002-4XL-WHT,766,0,0,0,240,480,2026-08-09T00:00:00
NQ-TOP-002-4XL-GRY,709,0,0,2,240,480,2026-08-09T00:00:00
NQ-TOP-002-4XL-NVY,706,0,0,1,240,480,2026-08-09T00:00:00
NQ-TOP-003-XS-BLK,842,0,0,1,240,480,2026-08-09T00:00:00
NQ-TOP-003-XS-WHT,904,0,0,2,240,480,2026-08-09T00:00:00
NQ-TOP-003-XS-GRY,847,0,0,3,240,480,2026-08-09T00:00:00
NQ-TOP-003-XS-NVY,869,0,0,1,240,480,2026-08-09T00:00:00
NQ-TOP-003-S-BLK,957,0,0,1,240,480,2026-08-09T00:00:00
NQ-TOP-003-S-WHT,958,0,0,6,240,480,2026-08-09T00:00:00
NQ-TOP-003-S-GRY,939,0,0,9,240,480,2026-08-09T00:00:00
NQ-TOP-003-S-NVY,469,0,0,3,240,480,2026-08-09T00:00:00
NQ-TOP-003-M-BLK,534,0,0,11,240,480,2026-08-09T00:00:00
NQ-TOP-003-M-WHT,554,0,0,6,240,480,2026-08-09T00:00:00
NQ-TOP-003-M-GRY,711,0,0,9,240,480,2026-08-09T00:00:00
NQ-TOP-003-M-NVY,607,0,0,10,240,480,2026-08-09T00:00:00
NQ-TOP-003-L-BLK,564,0,0,7,240,480,2026-08-09T00:00:00
NQ-TOP-003-L-WHT,552,0,0,13,240,480,2026-08-09T00:00:00
NQ-TOP-003-L-GRY,529,0,0,5,240,480,2026-08-09T00:00:00
NQ-TOP-003-L-NVY,544,0,0,8,240,480,2026-08-09T00:00:00
NQ-TOP-003-XL-BLK,886,0,0,0,240,480,2026-08-09T00:00:00
NQ-TOP-003-XL-WHT,717,0,0,3,240,480,2026-08-09T00:00:00
NQ-TOP-003-XL-GRY,875,0,0,5,240,480,2026-08-09T00:00:00
NQ-TOP-003-XL-NVY,830,0,0,4,240,480,2026-08-09T00:00:00
NQ-TOP-003-2XL-BLK,700,0,0,3,240,480,2026-08-09T00:00:00
NQ-TOP-003-2XL-WHT,685,0,0,3,240,480,2026-08-09T00:00:00
NQ-TOP-003-2XL-GRY,696,0,0,3,240,480,2026-08-09T00:00:00
NQ-TOP-003-2XL-NVY,647,0,0,5,240,480,2026-08-09T00:00:00
NQ-TOP-003-3XL-BLK,617,0,0,1,240,480,2026-08-09T00:00:00
NQ-TOP-003-3XL-WHT,587,0,0,1,240,480,2026-08-09T00:00:00
NQ-TOP-003-3XL-GRY,688,0,0,4,240,480,2026-08-09T00:00:00
NQ-TOP-003-3XL-NVY,558,0,0,0,240,480,2026-08-09T00:00:00
NQ-TOP-003-4XL-BLK,754,0,0,0,240,480,2026-08-09T00:00:00
NQ-TOP-003-4XL-WHT,729,0,0,0,240,480,2026-08-09T00:00:00
NQ-TOP-003-4XL-GRY,704,0,0,2,240,480,2026-08-09T00:00:00
NQ-TOP-003-4XL-NVY,744,0,0,2,240,480,2026-08-09T00:00:00
NQ-TOP-004-XS-BLK,220,0,0,0,72,144,2026-08-09T00:00:00
NQ-TOP-004-XS-WHT,268,0,0,0,72,144,2026-08-09T00:00:00
NQ-TOP-004-XS-GRY,288,0,0,0,72,144,2026-08-09T00:00:00
NQ-TOP-004-XS-NVY,263,0,0,0,72,144,2026-08-09T00:00:00
NQ-TOP-004-S-BLK,298,0,0,2,72,144,2026-08-09T00:00:00
NQ-TOP-004-S-WHT,210,0,0,1,72,144,2026-08-09T00:00:00
NQ-TOP-004-S-GRY,314,0,0,1,72,144,2026-08-09T00:00:00
NQ-TOP-004-S-NVY,181,0,0,2,72,144,2026-08-09T00:00:00
NQ-TOP-004-M-BLK,245,0,0,2,72,144,2026-08-09T00:00:00
NQ-TOP-004-M-WHT,148,0,0,1,72,144,2026-08-09T00:00:00
NQ-TOP-004-M-GRY,176,0,0,4,72,144,2026-08-09T00:00:00
NQ-TOP-004-M-NVY,172,0,0,1,72,144,2026-08-09T00:00:00
NQ-TOP-004-L-BLK,152,0,0,6,72,144,2026-08-09T00:00:00
NQ-TOP-004-L-WHT,160,0,0,6,72,144,2026-08-09T00:00:00
NQ-TOP-004-L-GRY,148,0,0,1,72,144,2026-08-09T00:00:00
NQ-TOP-004-L-NVY,153,0,0,1,72,144,2026-08-09T00:00:00
NQ-TOP-004-XL-BLK,280,0,0,2,72,144,2026-08-09T00:00:00
NQ-TOP-004-XL-WHT,270,0,0,2,72,144,2026-08-09T00:00:00
NQ-TOP-004-XL-GRY,182,0,0,2,72,144,2026-08-09T00:00:00
NQ-TOP-004-XL-NVY,211,0,0,4,72,144,2026-08-09T00:00:00
NQ-TOP-004-2XL-BLK,265,0,0,0,72,144,2026-08-09T00:00:00
NQ-TOP-004-2XL-WHT,191,0,0,1,72,144,2026-08-09T00:00:00
NQ-TOP-004-2XL-GRY,284,0,0,0,72,144,2026-08-09T00:00:00
NQ-TOP-004-2XL-NVY,206,0,0,0,72,144,2026-08-09T00:00:00
NQ-TOP-004-3XL-BLK,192,0,0,0,72,144,2026-08-09T00:00:00
NQ-TOP-004-3XL-WHT,161,0,0,0,72,144,2026-08-09T00:00:00
NQ-TOP-004-3XL-GRY,169,0,0,0,72,144,2026-08-09T00:00:00
NQ-TOP-004-3XL-NVY,179,0,0,0,72,144,2026-08-09T00:00:00
NQ-TOP-004-4XL-BLK,219,0,0,0,72,144,2026-08-09T00:00:00
NQ-TOP-004-4XL-WHT,205,0,0,0,72,144,2026-08-09T00:00:00
NQ-TOP-004-4XL-GRY,215,0,0,0,72,144,2026-08-09T00:00:00
NQ-TOP-004-4XL-NVY,205,0,0,0,72,144,2026-08-09T00:00:00
NQ-TOP-005-XS-BLK,204,0,0,0,72,144,2026-08-09T00:00:00
NQ-TOP-005-XS-WHT,221,0,0,0,72,144,2026-08-09T00:00:00
NQ-TOP-005-XS-GRY,267,0,0,0,72,144,2026-08-09T00:00:00
NQ-TOP-005-XS-NVY,279,0,0,0,72,144,2026-08-09T00:00:00
NQ-TOP-005-S-BLK,258,0,0,0,72,144,2026-08-09T00:00:00
NQ-TOP-005-S-WHT,111,0,0,0,72,144,2026-08-09T00:00:00
NQ-TOP-005-S-GRY,288,0,0,2,72,144,2026-08-09T00:00:00
NQ-TOP-005-S-NVY,278,0,0,2,72,144,2026-08-09T00:00:00
NQ-TOP-005-M-BLK,224,0,0,2,72,144,2026-08-09T00:00:00
NQ-TOP-005-M-WHT,152,0,0,1,72,144,2026-08-09T00:00:00
NQ-TOP-005-M-GRY,164,0,0,6,72,144,2026-08-09T00:00:00
NQ-TOP-005-M-NVY,155,0,0,1,72,144,2026-08-09T00:00:00
NQ-TOP-005-L-BLK,169,0,0,1,72,144,2026-08-09T00:00:00
NQ-TOP-005-L-WHT,165,0,0,3,72,144,2026-08-09T00:00:00
NQ-TOP-005-L-GRY,155,0,0,2,72,144,2026-08-09T00:00:00
NQ-TOP-005-L-NVY,166,0,0,5,72,144,2026-08-09T00:00:00
NQ-TOP-005-XL-BLK,260,0,0,0,72,144,2026-08-09T00:00:00
NQ-TOP-005-XL-WHT,293,0,0,3,72,144,2026-08-09T00:00:00
NQ-TOP-005-XL-GRY,296,0,0,0,72,144,2026-08-09T00:00:00
NQ-TOP-005-XL-NVY,226,0,0,2,72,144,2026-08-09T00:00:00
NQ-TOP-005-2XL-BLK,290,0,0,0,72,144,2026-08-09T00:00:00
NQ-TOP-005-2XL-WHT,221,0,0,0,72,144,2026-08-09T00:00:00
NQ-TOP-005-2XL-GRY,264,0,0,1,72,144,2026-08-09T00:00:00
NQ-TOP-005-2XL-NVY,241,0,0,0,72,144,2026-08-09T00:00:00
NQ-TOP-005-3XL-BLK,193,0,0,0,72,144,2026-08-09T00:00:00
NQ-TOP-005-3XL-WHT,191,0,0,0,72,144,2026-08-09T00:00:00
NQ-TOP-005-3XL-GRY,154,0,0,0,72,144,2026-08-09T00:00:00
NQ-TOP-005-3XL-NVY,190,0,0,2,72,144,2026-08-09T00:00:00
NQ-TOP-005-4XL-BLK,228,0,0,0,72,144,2026-08-09T00:00:00
NQ-TOP-005-4XL-WHT,220,0,0,0,72,144,2026-08-09T00:00:00
NQ-TOP-005-4XL-GRY,226,0,0,0,72,144,2026-08-09T00:00:00
NQ-TOP-005-4XL-NVY,213,0,0,1,72,144,2026-08-09T00:00:00
NQ-PNT-001-XS-BLK,1794,0,0,5,613,1227,2026-08-09T00:00:00
NQ-PNT-001-XS-GRY,1681,0,0,2,613,1227,2026-08-09T00:00:00
NQ-PNT-001-XS-BEG,1811,0,0,4,613,1227,2026-08-09T00:00:00
NQ-PNT-001-XS-KHK,1760,0,0,3,613,1227,2026-08-09T00:00:00
NQ-PNT-001-XS-NVY,1788,0,0,7,613,1227,2026-08-09T00:00:00
NQ-PNT-001-S-BLK,2696,0,0,16,613,1227,2026-08-09T00:00:00
NQ-PNT-001-S-GRY,2393,0,0,12,613,1227,2026-08-09T00:00:00
NQ-PNT-001-S-BEG,2743,0,0,11,613,1227,2026-08-09T00:00:00
NQ-PNT-001-S-KHK,2658,0,0,11,613,1227,2026-08-09T00:00:00
NQ-PNT-001-S-NVY,2612,0,0,15,613,1227,2026-08-09T00:00:00
NQ-PNT-001-M-BLK,3419,0,0,19,613,1227,2026-08-09T00:00:00
NQ-PNT-001-M-GRY,1970,0,0,23,613,1227,2026-08-09T00:00:00
NQ-PNT-001-M-BEG,2317,0,0,28,613,1227,2026-08-09T00:00:00
NQ-PNT-001-M-KHK,1939,0,0,15,613,1227,2026-08-09T00:00:00
NQ-PNT-001-M-NVY,1858,0,0,21,613,1227,2026-08-09T00:00:00
NQ-PNT-001-L-BLK,3450,0,0,18,613,1227,2026-08-09T00:00:00
NQ-PNT-001-L-GRY,1953,0,0,20,613,1227,2026-08-09T00:00:00
NQ-PNT-001-L-BEG,2180,0,0,17,613,1227,2026-08-09T00:00:00
NQ-PNT-001-L-KHK,3299,0,0,11,613,1227,2026-08-09T00:00:00
NQ-PNT-001-L-NVY,1813,0,0,14,613,1227,2026-08-09T00:00:00
NQ-PNT-001-XL-BLK,2422,0,0,22,613,1227,2026-08-09T00:00:00
NQ-PNT-001-XL-GRY,2597,0,0,9,613,1227,2026-08-09T00:00:00
NQ-PNT-001-XL-BEG,2174,0,0,9,613,1227,2026-08-09T00:00:00
NQ-PNT-001-XL-KHK,2494,0,0,13,613,1227,2026-08-09T00:00:00
NQ-PNT-001-XL-NVY,2385,0,0,13,613,1227,2026-08-09T00:00:00
NQ-PNT-001-2XL-BLK,1692,0,0,13,613,1227,2026-08-09T00:00:00
NQ-PNT-001-2XL-GRY,1698,0,0,6,613,1227,2026-08-09T00:00:00
NQ-PNT-001-2XL-BEG,1675,0,0,12,613,1227,2026-08-09T00:00:00
NQ-PNT-001-2XL-KHK,1613,0,0,11,613,1227,2026-08-09T00:00:00
NQ-PNT-001-2XL-NVY,1701,0,0,10,613,1227,2026-08-09T00:00:00
NQ-PNT-001-3XL-BLK,2738,0,0,6,613,1227,2026-08-09T00:00:00
NQ-PNT-001-3XL-GRY,2738,0,0,4,613,1227,2026-08-09T00:00:00
NQ-PNT-001-3XL-BEG,2822,0,0,1,613,1227,2026-08-09T00:00:00
NQ-PNT-001-3XL-KHK,2903,0,0,4,613,1227,2026-08-09T00:00:00
NQ-PNT-001-3XL-NVY,2808,0,0,5,613,1227,2026-08-09T00:00:00
NQ-PNT-001-4XL-BLK,2550,0,0,6,613,1227,2026-08-09T00:00:00
NQ-PNT-001-4XL-GRY,2490,0,0,3,613,1227,2026-08-09T00:00:00
NQ-PNT-001-4XL-BEG,2476,0,0,6,613,1227,2026-08-09T00:00:00
NQ-PNT-001-4XL-KHK,2514,0,0,5,613,1227,2026-08-09T00:00:00
NQ-PNT-001-4XL-NVY,2486,0,0,2,613,1227,2026-08-09T00:00:00
NQ-PNT-002-XS-BLK,569,0,0,1,204,409,2026-08-09T00:00:00
NQ-PNT-002-XS-GRY,625,0,0,2,204,409,2026-08-09T00:00:00
NQ-PNT-002-XS-BEG,565,0,0,2,204,409,2026-08-09T00:00:00
NQ-PNT-002-S-BLK,843,0,0,3,204,409,2026-08-09T00:00:00
NQ-PNT-002-S-GRY,912,0,0,4,204,409,2026-08-09T00:00:00
NQ-PNT-002-S-BEG,905,0,0,0,204,409,2026-08-09T00:00:00
NQ-PNT-002-M-BLK,659,0,0,7,204,409,2026-08-09T00:00:00
NQ-PNT-002-M-GRY,609,0,0,6,204,409,2026-08-09T00:00:00
NQ-PNT-002-M-BEG,580,0,0,7,204,409,2026-08-09T00:00:00
NQ-PNT-002-L-BLK,657,0,0,7,204,409,2026-08-09T00:00:00
NQ-PNT-002-L-GRY,644,0,0,6,204,409,2026-08-09T00:00:00
NQ-PNT-002-L-BEG,1119,0,0,5,204,409,2026-08-09T00:00:00
NQ-PNT-002-XL-BLK,840,0,0,3,204,409,2026-08-09T00:00:00
NQ-PNT-002-XL-GRY,709,0,0,8,204,409,2026-08-09T00:00:00
NQ-PNT-002-XL-BEG,849,0,0,7,204,409,2026-08-09T00:00:00
NQ-PNT-002-2XL-BLK,544,0,0,2,204,409,2026-08-09T00:00:00
NQ-PNT-002-2XL-GRY,589,0,0,5,204,409,2026-08-09T00:00:00
NQ-PNT-002-2XL-BEG,610,0,0,4,204,409,2026-08-09T00:00:00
NQ-PNT-002-3XL-BLK,974,0,0,2,204,409,2026-08-09T00:00:00
NQ-PNT-002-3XL-GRY,890,0,0,3,204,409,2026-08-09T00:00:00
NQ-PNT-002-3XL-BEG,965,0,0,0,204,409,2026-08-09T00:00:00
NQ-PNT-002-4XL-BLK,824,0,0,2,204,409,2026-08-09T00:00:00
NQ-PNT-002-4XL-GRY,830,0,0,0,204,409,2026-08-09T00:00:00
NQ-PNT-002-4XL-BEG,844,0,0,1,204,409,2026-08-09T00:00:00
NQ-PNT-003-XS-BLK,633,0,0,2,204,409,2026-08-09T00:00:00
NQ-PNT-003-XS-GRY,583,0,0,2,204,409,2026-08-09T00:00:00
NQ-PNT-003-XS-BEG,571,0,0,0,204,409,2026-08-09T00:00:00
NQ-PNT-003-S-BLK,918,0,0,4,204,409,2026-08-09T00:00:00
NQ-PNT-003-S-GRY,929,0,0,3,204,409,2026-08-09T00:00:00
NQ-PNT-003-S-BEG,857,0,0,4,204,409,2026-08-09T00:00:00
NQ-PNT-003-M-BLK,1168,0,0,7,204,409,2026-08-09T00:00:00
NQ-PNT-003-M-GRY,701,0,0,6,204,409,2026-08-09T00:00:00
NQ-PNT-003-M-BEG,666,0,0,8,204,409,2026-08-09T00:00:00
NQ-PNT-003-L-BLK,808,0,0,10,204,409,2026-08-09T00:00:00
NQ-PNT-003-L-GRY,1117,0,0,9,204,409,2026-08-09T00:00:00
NQ-PNT-003-L-BEG,692,0,0,11,204,409,2026-08-09T00:00:00
NQ-PNT-003-XL-BLK,1008,0,0,3,204,409,2026-08-09T00:00:00
NQ-PNT-003-XL-GRY,633,0,0,2,204,409,2026-08-09T00:00:00
NQ-PNT-003-XL-BEG,1014,0,0,2,204,409,2026-08-09T00:00:00
NQ-PNT-003-2XL-BLK,624,0,0,3,204,409,2026-08-09T00:00:00
NQ-PNT-003-2XL-GRY,525,0,0,2,204,409,2026-08-09T00:00:00
NQ-PNT-003-2XL-BEG,589,0,0,5,204,409,2026-08-09T00:00:00
NQ-PNT-003-3XL-BLK,964,0,0,1,204,409,2026-08-09T00:00:00
NQ-PNT-003-3XL-GRY,961,0,0,3,204,409,2026-08-09T00:00:00
NQ-PNT-003-3XL-BEG,940,0,0,2,204,409,2026-08-09T00:00:00
NQ-PNT-003-4XL-BLK,846,0,0,1,204,409,2026-08-09T00:00:00
NQ-PNT-003-4XL-GRY,812,0,0,1,204,409,2026-08-09T00:00:00
NQ-PNT-003-4XL-BEG,816,0,0,1,204,409,2026-08-09T00:00:00
NQ-PNT-004-XS-BLK,171,0,0,2,61,122,2026-08-09T00:00:00
NQ-PNT-004-XS-GRY,276,0,0,1,61,122,2026-08-09T00:00:00
NQ-PNT-004-XS-BEG,289,0,0,1,61,122,2026-08-09T00:00:00
NQ-PNT-004-S-BLK,276,0,0,1,61,122,2026-08-09T00:00:00
NQ-PNT-004-S-GRY,297,0,0,2,61,122,2026-08-09T00:00:00
NQ-PNT-004-S-BEG,229,0,0,2,61,122,2026-08-09T00:00:00
NQ-PNT-004-M-BLK,212,0,0,3,61,122,2026-08-09T00:00:00
NQ-PNT-004-M-GRY,206,0,0,5,61,122,2026-08-09T00:00:00
NQ-PNT-004-M-BEG,250,0,0,2,61,122,2026-08-09T00:00:00
NQ-PNT-004-L-BLK,193,0,0,1,61,122,2026-08-09T00:00:00
NQ-PNT-004-L-GRY,188,0,0,1,61,122,2026-08-09T00:00:00
NQ-PNT-004-L-BEG,182,0,0,2,61,122,2026-08-09T00:00:00
NQ-PNT-004-XL-BLK,265,0,0,2,61,122,2026-08-09T00:00:00
NQ-PNT-004-XL-GRY,207,0,0,0,61,122,2026-08-09T00:00:00
NQ-PNT-004-XL-BEG,295,0,0,3,61,122,2026-08-09T00:00:00
NQ-PNT-004-2XL-BLK,292,0,0,2,61,122,2026-08-09T00:00:00
NQ-PNT-004-2XL-GRY,166,0,0,1,61,122,2026-08-09T00:00:00
NQ-PNT-004-2XL-BEG,160,0,0,0,61,122,2026-08-09T00:00:00
NQ-PNT-004-3XL-BLK,281,0,0,0,61,122,2026-08-09T00:00:00
NQ-PNT-004-3XL-GRY,286,0,0,0,61,122,2026-08-09T00:00:00
NQ-PNT-004-3XL-BEG,275,0,0,2,61,122,2026-08-09T00:00:00
NQ-PNT-004-4XL-BLK,182,0,0,0,61,122,2026-08-09T00:00:00
NQ-PNT-004-4XL-GRY,173,0,0,0,61,122,2026-08-09T00:00:00
NQ-PNT-004-4XL-BEG,241,0,0,0,61,122,2026-08-09T00:00:00
NQ-CLR-WRM-001-S-CRM,937,0,0,15,548,1097,2026-08-09T00:00:00
NQ-CLR-WRM-001-S-ASH,938,0,0,11,548,1097,2026-08-09T00:00:00
NQ-CLR-WRM-001-S-IVR,941,0,0,8,548,1097,2026-08-09T00:00:00
NQ-CLR-WRM-001-M-CRM,985,0,0,9,548,1097,2026-08-09T00:00:00
NQ-CLR-WRM-001-M-ASH,933,0,0,3,548,1097,2026-08-09T00:00:00
NQ-CLR-WRM-001-M-IVR,1002,0,0,14,548,1097,2026-08-09T00:00:00
NQ-CLR-WRM-001-L-CRM,927,0,0,22,548,1097,2026-08-09T00:00:00
NQ-CLR-WRM-001-L-ASH,986,0,0,15,548,1097,2026-08-09T00:00:00
NQ-CLR-WRM-001-L-IVR,892,0,0,10,548,1097,2026-08-09T00:00:00
NQ-CLR-COOL-002-S-CRM,996,0,0,11,548,1097,2026-08-09T00:00:00
NQ-CLR-COOL-002-S-ASH,993,0,0,15,548,1097,2026-08-09T00:00:00
NQ-CLR-COOL-002-S-IVR,995,0,0,18,548,1097,2026-08-09T00:00:00
NQ-CLR-COOL-002-M-CRM,979,0,0,9,548,1097,2026-08-09T00:00:00
NQ-CLR-COOL-002-M-ASH,952,0,0,7,548,1097,2026-08-09T00:00:00
NQ-CLR-COOL-002-M-IVR,972,0,0,7,548,1097,2026-08-09T00:00:00
NQ-CLR-COOL-002-L-CRM,945,0,0,13,548,1097,2026-08-09T00:00:00
NQ-CLR-COOL-002-L-ASH,924,0,0,12,548,1097,2026-08-09T00:00:00
NQ-CLR-COOL-002-L-IVR,888,0,0,15,548,1097,2026-08-09T00:00:00
NQ-CLR-MUT-003-S-CRM,1032,0,0,13,548,1097,2026-08-09T00:00:00
NQ-CLR-MUT-003-S-ASH,974,0,0,7,548,1097,2026-08-09T00:00:00
NQ-CLR-MUT-003-S-IVR,996,0,0,11,548,1097,2026-08-09T00:00:00
NQ-CLR-MUT-003-M-CRM,1015,0,0,15,548,1097,2026-08-09T00:00:00
NQ-CLR-MUT-003-M-ASH,1001,0,0,7,548,1097,2026-08-09T00:00:00
NQ-CLR-MUT-003-M-IVR,991,0,0,13,548,1097,2026-08-09T00:00:00
NQ-CLR-MUT-003-L-CRM,928,0,0,23,548,1097,2026-08-09T00:00:00
NQ-CLR-MUT-003-L-ASH,893,0,0,12,548,1097,2026-08-09T00:00:00
NQ-CLR-MUT-003-L-IVR,904,0,0,11,548,1097,2026-08-09T00:00:00
NQ-CLR-WRM-004-S-CRM,295,0,0,2,182,365,2026-08-09T00:00:00
NQ-CLR-WRM-004-S-ASH,337,0,0,3,182,365,2026-08-09T00:00:00
NQ-CLR-WRM-004-S-IVR,337,0,0,5,182,365,2026-08-09T00:00:00
NQ-CLR-WRM-004-M-CRM,313,0,0,8,182,365,2026-08-09T00:00:00
NQ-CLR-WRM-004-M-ASH,330,0,0,3,182,365,2026-08-09T00:00:00
NQ-CLR-WRM-004-M-IVR,321,0,0,1,182,365,2026-08-09T00:00:00
NQ-CLR-WRM-004-L-CRM,323,0,0,6,182,365,2026-08-09T00:00:00
NQ-CLR-WRM-004-L-ASH,286,0,0,2,182,365,2026-08-09T00:00:00
NQ-CLR-WRM-004-L-IVR,307,0,0,2,182,365,2026-08-09T00:00:00
NQ-CLR-COOL-005-S-CRM,307,0,0,6,182,365,2026-08-09T00:00:00
NQ-CLR-COOL-005-S-ASH,301,0,0,2,182,365,2026-08-09T00:00:00
NQ-CLR-COOL-005-S-IVR,342,0,0,2,182,365,2026-08-09T00:00:00
NQ-CLR-COOL-005-M-CRM,334,0,0,1,182,365,2026-08-09T00:00:00
NQ-CLR-COOL-005-M-ASH,312,0,0,5,182,365,2026-08-09T00:00:00
NQ-CLR-COOL-005-M-IVR,740,0,0,1,182,365,2026-08-09T00:00:00
NQ-CLR-COOL-005-L-CRM,300,0,0,7,182,365,2026-08-09T00:00:00
NQ-CLR-COOL-005-L-ASH,326,0,0,2,182,365,2026-08-09T00:00:00
NQ-CLR-COOL-005-L-IVR,324,0,0,5,182,365,2026-08-09T00:00:00
NQ-CLR-MUT-006-S-CRM,328,0,0,1,182,365,2026-08-09T00:00:00
NQ-CLR-MUT-006-S-ASH,325,0,0,3,182,365,2026-08-09T00:00:00
NQ-CLR-MUT-006-S-IVR,314,0,0,2,182,365,2026-08-09T00:00:00
NQ-CLR-MUT-006-M-CRM,324,0,0,2,182,365,2026-08-09T00:00:00
NQ-CLR-MUT-006-M-ASH,304,0,0,3,182,365,2026-08-09T00:00:00
NQ-CLR-MUT-006-M-IVR,791,0,0,1,182,365,2026-08-09T00:00:00
NQ-CLR-MUT-006-L-CRM,304,0,0,1,182,365,2026-08-09T00:00:00
NQ-CLR-MUT-006-L-ASH,306,0,0,5,182,365,2026-08-09T00:00:00
NQ-CLR-MUT-006-L-IVR,328,0,0,4,182,365,2026-08-09T00:00:00
NQ-OUT-001-S-BLK,2825,0,0,17,829,1658,2026-08-09T00:00:00
NQ-OUT-001-S-BEG,2940,0,0,23,829,1658,2026-08-09T00:00:00
NQ-OUT-001-S-GRY,2811,0,0,31,829,1658,2026-08-09T00:00:00
NQ-OUT-001-S-NVY,2790,0,0,36,829,1658,2026-08-09T00:00:00
NQ-OUT-001-M-BLK,2214,0,0,36,829,1658,2026-08-09T00:00:00
NQ-OUT-001-M-BEG,2467,0,0,33,829,1658,2026-08-09T00:00:00
NQ-OUT-001-M-GRY,2227,0,0,32,829,1658,2026-08-09T00:00:00
NQ-OUT-001-M-NVY,2549,0,0,28,829,1658,2026-08-09T00:00:00
NQ-OUT-001-L-BLK,2643,0,0,23,829,1658,2026-08-09T00:00:00
NQ-OUT-001-L-BEG,2691,0,0,33,829,1658,2026-08-09T00:00:00
NQ-OUT-001-L-GRY,2647,0,0,26,829,1658,2026-08-09T00:00:00
NQ-OUT-001-L-NVY,2598,0,0,31,829,1658,2026-08-09T00:00:00
NQ-OUT-002-S-BLK,910,0,0,6,276,552,2026-08-09T00:00:00
NQ-OUT-002-S-BEG,987,0,0,5,276,552,2026-08-09T00:00:00
NQ-OUT-002-S-GRY,1113,0,0,8,276,552,2026-08-09T00:00:00
NQ-OUT-002-S-NVY,978,0,0,8,276,552,2026-08-09T00:00:00
NQ-OUT-002-M-BLK,990,0,0,9,276,552,2026-08-09T00:00:00
NQ-OUT-002-M-BEG,1024,0,0,4,276,552,2026-08-09T00:00:00
NQ-OUT-002-M-GRY,759,0,0,4,276,552,2026-08-09T00:00:00
NQ-OUT-002-M-NVY,764,0,0,15,276,552,2026-08-09T00:00:00
NQ-OUT-002-L-BLK,1224,0,0,8,276,552,2026-08-09T00:00:00
NQ-OUT-002-L-BEG,905,0,0,10,276,552,2026-08-09T00:00:00
NQ-OUT-002-L-GRY,845,0,0,10,276,552,2026-08-09T00:00:00
NQ-OUT-002-L-NVY,915,0,0,6,276,552,2026-08-09T00:00:00
NQ-OUT-003-S-BLK,216,0,0,2,82,165,2026-08-09T00:00:00
NQ-OUT-003-S-BEG,243,0,0,2,82,165,2026-08-09T00:00:00
NQ-OUT-003-S-GRY,227,0,0,2,82,165,2026-08-09T00:00:00
NQ-OUT-003-S-NVY,211,0,0,2,82,165,2026-08-09T00:00:00
NQ-OUT-003-M-BLK,306,0,0,4,82,165,2026-08-09T00:00:00
NQ-OUT-003-M-BEG,336,0,0,1,82,165,2026-08-09T00:00:00
NQ-OUT-003-M-GRY,277,0,0,3,82,165,2026-08-09T00:00:00
NQ-OUT-003-M-NVY,225,0,0,3,82,165,2026-08-09T00:00:00
NQ-OUT-003-L-BLK,253,0,0,2,82,165,2026-08-09T00:00:00
NQ-OUT-003-L-BEG,297,0,0,0,82,165,2026-08-09T00:00:00
NQ-OUT-003-L-GRY,286,0,0,3,82,165,2026-08-09T00:00:00
NQ-OUT-003-L-NVY,196,0,0,1,82,165,2026-08-09T00:00:00
NQ-ACC-BAG-001-FREE-BLK,892,0,0,5,623,1247,2026-08-09T00:00:00
NQ-ACC-BAG-001-FREE-BEG,1053,0,0,5,623,1247,2026-08-09T00:00:00
NQ-ACC-BAG-001-FREE-WHT,987,0,0,4,623,1247,2026-08-09T00:00:00
NQ-ACC-BAG-001-FREE-BRN,862,0,0,4,623,1247,2026-08-09T00:00:00
NQ-ACC-BLT-002-FREE-BLK,250,0,0,2,187,374,2026-08-09T00:00:00
NQ-ACC-BLT-002-FREE-BEG,221,0,0,4,187,374,2026-08-09T00:00:00
NQ-ACC-BLT-002-FREE-WHT,181,0,0,3,187,374,2026-08-09T00:00:00
NQ-ACC-BLT-002-FREE-BRN,307,0,0,1,187,374,2026-08-09T00:00:00
NQ-ACC-SCF-003-FREE-BLK,242,0,0,1,187,374,2026-08-09T00:00:00
NQ-ACC-SCF-003-FREE-BEG,330,0,0,1,187,374,2026-08-09T00:00:00
NQ-ACC-SCF-003-FREE-WHT,266,0,0,0,187,374,2026-08-09T00:00:00
NQ-ACC-SCF-003-FREE-BRN,260,0,0,2,187,374,2026-08-09T00:00:00
NQ-ACC-CAP-004-FREE-BLK,274,0,0,0,187,374,2026-08-09T00:00:00
NQ-ACC-CAP-004-FREE-BEG,248,0,0,1,187,374,2026-08-09T00:00:00
NQ-ACC-CAP-004-FREE-WHT,404,0,0,0,187,374,2026-08-09T00:00:00
NQ-ACC-CAP-004-FREE-BRN,406,0,0,0,187,374,2026-08-09T00:00:00
NQ-ACC-PCH-005-FREE-BLK,262,0,0,1,187,374,2026-08-09T00:00:00
NQ-ACC-PCH-005-FREE-BEG,400,0,0,0,187,374,2026-08-09T00:00:00
NQ-ACC-PCH-005-FREE-WHT,205,0,0,1,187,374,2026-08-09T00:00:00
NQ-ACC-PCH-005-FREE-BRN,386,0,0,1,187,374,2026-08-09T00:00:00
NQ-DRS-001-S-BLK,581,0,0,19,480,960,2026-08-09T00:00:00
NQ-DRS-001-S-IVR,587,0,0,16,480,960,2026-08-09T00:00:00
NQ-DRS-001-M-BLK,567,0,0,26,480,960,2026-08-09T00:00:00
NQ-DRS-001-M-IVR,595,0,0,21,480,960,2026-08-09T00:00:00
NQ-DRS-001-L-BLK,513,0,0,21,480,960,2026-08-09T00:00:00
NQ-DRS-001-L-IVR,516,0,0,34,480,960,2026-08-09T00:00:00
NQ-DRS-002-S-BLK,186,0,0,8,160,320,2026-08-09T00:00:00
NQ-DRS-002-S-IVR,170,0,0,9,160,320,2026-08-09T00:00:00
NQ-DRS-002-M-BLK,206,0,0,8,160,320,2026-08-09T00:00:00
NQ-DRS-002-M-IVR,205,0,0,13,160,320,2026-08-09T00:00:00
NQ-DRS-002-L-BLK,168,0,0,9,160,320,2026-08-09T00:00:00
NQ-DRS-002-L-IVR,172,0,0,7,160,320,2026-08-09T00:00:00
TRD-CLR-01-WRM-001-S-CRM,10,0,0,0,182,365,2026-08-09T00:00:00
TRD-CLR-01-WRM-001-S-ASH,11,0,0,0,182,365,2026-08-09T00:00:00
TRD-CLR-01-WRM-001-M-CRM,11,0,0,0,182,365,2026-08-09T00:00:00
TRD-CLR-01-WRM-001-M-ASH,7,0,0,0,182,365,2026-08-09T00:00:00
TRD-CLR-01-WRM-001-L-CRM,10,0,0,0,182,365,2026-08-09T00:00:00
TRD-CLR-01-WRM-001-L-ASH,7,0,0,0,182,365,2026-08-09T00:00:00
TRD-CLR-01-COOL-002-S-CRM,6,0,0,0,182,365,2026-08-09T00:00:00
TRD-CLR-01-COOL-002-S-ASH,7,0,0,0,182,365,2026-08-09T00:00:00
TRD-CLR-01-COOL-002-M-CRM,12,0,0,0,182,365,2026-08-09T00:00:00
TRD-CLR-01-COOL-002-M-ASH,11,0,0,0,182,365,2026-08-09T00:00:00
TRD-CLR-01-COOL-002-L-CRM,5,0,0,0,182,365,2026-08-09T00:00:00
TRD-CLR-01-COOL-002-L-ASH,14,0,0,0,182,365,2026-08-09T00:00:00
TRD-CLR-01-MUT-003-S-CRM,8,0,0,0,182,365,2026-08-09T00:00:00
TRD-CLR-01-MUT-003-S-ASH,12,0,0,0,182,365,2026-08-09T00:00:00
TRD-CLR-01-MUT-003-M-CRM,8,0,0,0,182,365,2026-08-09T00:00:00
TRD-CLR-01-MUT-003-M-ASH,10,0,0,0,182,365,2026-08-09T00:00:00
TRD-CLR-01-MUT-003-L-CRM,8,0,0,0,182,365,2026-08-09T00:00:00
TRD-CLR-01-MUT-003-L-ASH,15,0,0,0,182,365,2026-08-09T00:00:00
TRD-OUT-01-STR-001-S-BLK,35,0,0,0,276,552,2026-08-09T00:00:00
TRD-OUT-01-STR-001-S-GRY,38,0,0,0,276,552,2026-08-09T00:00:00
TRD-OUT-01-STR-001-M-BLK,29,0,0,0,276,552,2026-08-09T00:00:00
TRD-OUT-01-STR-001-M-GRY,39,0,0,0,276,552,2026-08-09T00:00:00
TRD-OUT-01-STR-001-L-BLK,36,0,0,0,276,552,2026-08-09T00:00:00
TRD-OUT-01-STR-001-L-GRY,45,0,0,0,276,552,2026-08-09T00:00:00
TRD-OUT-01-WAV-002-S-BLK,37,0,0,0,276,552,2026-08-09T00:00:00
TRD-OUT-01-WAV-002-S-GRY,39,0,0,0,276,552,2026-08-09T00:00:00
TRD-OUT-01-WAV-002-M-BLK,42,0,0,0,276,552,2026-08-09T00:00:00
TRD-OUT-01-WAV-002-M-GRY,49,0,0,0,276,552,2026-08-09T00:00:00
TRD-OUT-01-WAV-002-L-BLK,45,0,0,0,276,552,2026-08-09T00:00:00
TRD-OUT-01-WAV-002-L-GRY,47,0,0,0,276,552,2026-08-09T00:00:00
TRD-OUT-01-NAT-003-S-BLK,36,0,0,0,276,552,2026-08-09T00:00:00
TRD-OUT-01-NAT-003-S-GRY,43,0,0,0,276,552,2026-08-09T00:00:00
TRD-OUT-01-NAT-003-M-BLK,22,0,0,0,276,552,2026-08-09T00:00:00
TRD-OUT-01-NAT-003-M-GRY,34,0,0,0,276,552,2026-08-09T00:00:00
TRD-OUT-01-NAT-003-L-BLK,50,0,0,0,276,552,2026-08-09T00:00:00
TRD-OUT-01-NAT-003-L-GRY,51,0,0,0,276,552,2026-08-09T00:00:00
TRD-TOP-01-STR-001-S-BLK,41,0,0,0,240,480,2026-08-09T00:00:00
TRD-TOP-01-STR-001-S-IVR,31,0,0,0,240,480,2026-08-09T00:00:00
TRD-TOP-01-STR-001-M-BLK,37,0,0,0,240,480,2026-08-09T00:00:00
TRD-TOP-01-STR-001-M-IVR,40,0,0,0,240,480,2026-08-09T00:00:00
TRD-TOP-01-STR-001-L-BLK,41,0,0,0,240,480,2026-08-09T00:00:00
TRD-TOP-01-STR-001-L-IVR,38,0,0,0,240,480,2026-08-09T00:00:00
TRD-TOP-01-WAV-002-S-BLK,44,0,0,0,240,480,2026-08-09T00:00:00
TRD-TOP-01-WAV-002-S-IVR,47,0,0,0,240,480,2026-08-09T00:00:00
TRD-TOP-01-WAV-002-M-BLK,28,0,0,0,240,480,2026-08-09T00:00:00
TRD-TOP-01-WAV-002-M-IVR,49,0,0,0,240,480,2026-08-09T00:00:00
TRD-TOP-01-WAV-002-L-BLK,35,0,0,0,240,480,2026-08-09T00:00:00
TRD-TOP-01-WAV-002-L-IVR,45,0,0,0,240,480,2026-08-09T00:00:00
TRD-TOP-01-NAT-003-S-BLK,44,0,0,0,240,480,2026-08-09T00:00:00
TRD-TOP-01-NAT-003-S-IVR,38,0,0,0,240,480,2026-08-09T00:00:00
TRD-TOP-01-NAT-003-M-BLK,33,0,0,0,240,480,2026-08-09T00:00:00
TRD-TOP-01-NAT-003-M-IVR,37,0,0,0,240,480,2026-08-09T00:00:00
TRD-TOP-01-NAT-003-L-BLK,35,0,0,0,240,480,2026-08-09T00:00:00
TRD-TOP-01-NAT-003-L-IVR,44,0,0,0,240,480,2026-08-09T00:00:00
TRD-OUT-02-STR-001-S-BRN,48,0,0,0,276,552,2026-08-09T00:00:00
TRD-OUT-02-STR-001-S-GRN,57,0,0,0,276,552,2026-08-09T00:00:00
TRD-OUT-02-STR-001-S-BEG,54,0,0,0,276,552,2026-08-09T00:00:00
TRD-OUT-02-STR-001-M-BRN,49,0,0,0,276,552,2026-08-09T00:00:00
TRD-OUT-02-STR-001-M-GRN,62,0,0,0,276,552,2026-08-09T00:00:00
TRD-OUT-02-STR-001-M-BEG,41,0,0,0,276,552,2026-08-09T00:00:00
TRD-OUT-02-STR-001-L-BRN,44,0,0,0,276,552,2026-08-09T00:00:00
TRD-OUT-02-STR-001-L-GRN,63,0,0,0,276,552,2026-08-09T00:00:00
TRD-OUT-02-STR-001-L-BEG,51,0,0,0,276,552,2026-08-09T00:00:00
TRD-OUT-02-WAV-002-S-BRN,50,0,0,0,276,552,2026-08-09T00:00:00
TRD-OUT-02-WAV-002-S-GRN,50,0,0,0,276,552,2026-08-09T00:00:00
TRD-OUT-02-WAV-002-S-BEG,53,0,0,0,276,552,2026-08-09T00:00:00
TRD-OUT-02-WAV-002-M-BRN,52,0,0,0,276,552,2026-08-09T00:00:00
TRD-OUT-02-WAV-002-M-GRN,54,0,0,0,276,552,2026-08-09T00:00:00
TRD-OUT-02-WAV-002-M-BEG,49,0,0,0,276,552,2026-08-09T00:00:00
TRD-OUT-02-WAV-002-L-BRN,51,0,0,0,276,552,2026-08-09T00:00:00
TRD-OUT-02-WAV-002-L-GRN,61,0,0,0,276,552,2026-08-09T00:00:00
TRD-OUT-02-WAV-002-L-BEG,38,0,0,0,276,552,2026-08-09T00:00:00
TRD-OUT-02-NAT-003-S-BRN,45,0,0,0,276,552,2026-08-09T00:00:00
TRD-OUT-02-NAT-003-S-GRN,61,0,0,0,276,552,2026-08-09T00:00:00
TRD-OUT-02-NAT-003-S-BEG,46,0,0,0,276,552,2026-08-09T00:00:00
TRD-OUT-02-NAT-003-M-BRN,52,0,0,0,276,552,2026-08-09T00:00:00
TRD-OUT-02-NAT-003-M-GRN,48,0,0,0,276,552,2026-08-09T00:00:00
TRD-OUT-02-NAT-003-M-BEG,40,0,0,0,276,552,2026-08-09T00:00:00
TRD-OUT-02-NAT-003-L-BRN,44,0,0,0,276,552,2026-08-09T00:00:00
TRD-OUT-02-NAT-003-L-GRN,40,0,0,0,276,552,2026-08-09T00:00:00
TRD-OUT-02-NAT-003-L-BEG,45,0,0,0,276,552,2026-08-09T00:00:00
TRD-OUT-03-STR-001-S-BLK,69,0,0,0,276,552,2026-08-09T00:00:00
TRD-OUT-03-STR-001-S-BEG,87,0,0,0,276,552,2026-08-09T00:00:00
TRD-OUT-03-STR-001-M-BLK,91,0,0,0,276,552,2026-08-09T00:00:00
TRD-OUT-03-STR-001-M-BEG,70,0,0,0,276,552,2026-08-09T00:00:00
TRD-OUT-03-STR-001-L-BLK,90,0,0,0,276,552,2026-08-09T00:00:00
TRD-OUT-03-STR-001-L-BEG,80,0,0,0,276,552,2026-08-09T00:00:00
TRD-OUT-03-WAV-002-S-BLK,73,0,0,0,276,552,2026-08-09T00:00:00
TRD-OUT-03-WAV-002-S-BEG,98,0,0,0,276,552,2026-08-09T00:00:00
TRD-OUT-03-WAV-002-M-BLK,80,0,0,0,276,552,2026-08-09T00:00:00
TRD-OUT-03-WAV-002-M-BEG,89,0,0,0,276,552,2026-08-09T00:00:00
TRD-OUT-03-WAV-002-L-BLK,73,0,0,0,276,552,2026-08-09T00:00:00
TRD-OUT-03-WAV-002-L-BEG,59,0,0,0,276,552,2026-08-09T00:00:00
TRD-OUT-03-NAT-003-S-BLK,89,0,0,0,276,552,2026-08-09T00:00:00
TRD-OUT-03-NAT-003-S-BEG,82,0,0,0,276,552,2026-08-09T00:00:00
TRD-OUT-03-NAT-003-M-BLK,91,0,0,0,276,552,2026-08-09T00:00:00
TRD-OUT-03-NAT-003-M-BEG,90,0,0,0,276,552,2026-08-09T00:00:00
TRD-OUT-03-NAT-003-L-BLK,81,0,0,0,276,552,2026-08-09T00:00:00
TRD-OUT-03-NAT-003-L-BEG,81,0,0,0,276,552,2026-08-09T00:00:00
TRD-ACC-01-CHM-001-FREE-BLK,38,0,0,0,623,1247,2026-08-09T00:00:00
TRD-ACC-01-CHM-001-FREE-GLD,32,0,0,0,623,1247,2026-08-09T00:00:00
TRD-ACC-01-CHM-001-FREE-SLV,38,0,0,0,623,1247,2026-08-09T00:00:00
